YEAR,REDTI,DEGREE DAYS,MONTH,old,YYYYMM
1895,66.8,1023.4,1,18951,189501
1896,45.5,919.8,1,18961,189601
1897,59.9,989.9,1,18971,189701
1898,40.3,894.8,1,18981,189801
1899,50.5,944.3,1,18991,189901
1900,33.7,862.5,1,19001,190001
1901,42.7,906.6,1,19011,190101
1902,54.2,962.2,1,19021,190201
1903,48.7,935.7,1,19031,190301
1904,74.5,1061.1,1,19041,190401
1905,69,1034.5,1,19051,190501
1906,26.1,825.8,1,19061,190601
1907,37.2,879.4,1,19071,190701
1908,41,898.3,1,19081,190801
1909,32.9,858.6,1,19091,190901
1910,51.4,948.5,1,19101,191001
1911,30.4,846.8,1,19111,191101
1912,86.5,1119.3,1,19121,191201
1913,28.8,838.6,1,19131,191301
1914,29.5,842.2,1,19141,191401
1915,53.3,958.1,1,19151,191501
1916,37.5,881.1,1,19161,191601
1917,51.3,948.4,1,19171,191701
1918,97.3,1171.9,1,19181,191801
1919,35.6,871.9,1,19191,191901
1920,65.2,1016,1,19201,192001
1921,29.3,841.2,1,19211,192101
1922,63.2,1005.9,1,19221,192201
1923,32,854.3,1,19231,192301
1924,61.9,1000,1,19241,192401
1925,56.1,971.7,1,19251,192501
1926,49.8,941,1,19261,192601
1927,45.1,918,1,19271,192701
1928,39.9,892.9,1,19281,192801
1929,60.6,993.6,1,19291,192901
1930,65.9,1019.3,1,19301,193001
1931,36.2,874.7,1,19311,193101
1932,17.3,783,1,19321,193201
1933,15.2,772.7,1,19331,193301
1934,24.8,819.4,1,19341,193401
1935,46.1,922.8,1,19351,193501
1936,64.4,1012.1,1,19361,193601
1937,43.6,911,1,19371,193701
1938,41.4,900.3,1,19381,193801
1939,31.6,852.2,1,19391,193901
1940,92.8,1149.9,1,19401,194001
1941,41.3,899.7,1,19411,194101
1942,51.2,947.8,1,19421,194201
1943,48.8,936.2,1,19431,194301
1944,36,873.7,1,19441,194401
1945,61.3,996.9,1,19451,194501
1946,41.1,898.7,1,19461,194601
1947,32.9,858.8,1,19471,194701
1948,72.4,1050.9,1,19481,194801
1949,42.7,906.5,1,19491,194901
1950,22.8,809.6,1,19501,195001
1951,40.6,896.3,1,19511,195101
1952,30,844.5,1,19521,195201
1953,17.4,783.5,1,19531,195301
1954,44.2,913.8,1,19541,195401
1955,53.2,957.4,1,19551,195501
1956,46.8,926.2,1,19561,195601
1957,62.6,1003.4,1,19571,195701
1958,49,937,1,19581,195801
1959,54.5,964,1,19591,195901
1960,44.6,915.5,1,19601,196001
1961,61.8,999.2,1,19611,196101
1962,61.9,1000,1,19621,196201
1963,77.8,1077.3,1,19631,196301
1964,40.6,896.3,1,19641,196401
1965,45.6,920.7,1,19651,196501
1966,67.7,1028.2,1,19661,196601
1967,29.2,840.5,1,19671,196701
1968,60.6,993.7,1,19681,196801
1969,52.2,952.5,1,19691,196901
1970,76.2,1069.2,1,19701,197001
1971,58.9,985.1,1,19711,197101
1972,43.9,912.2,1,19721,197201
1973,45,917.5,1,19731,197301
1974,34.3,865.4,1,19741,197401
1975,29.5,842.2,1,19751,197501
1976,57.7,979.4,1,19761,197601
1977,100,1185.1,1,19771,197701
1978,75,1063.6,1,19781,197801
1979,80,1087.7,1,19791,197901
1980,40.1,893.7,1,19801,198001
1981,58.1,981.2,1,19811,198101
1982,75.4,1065.3,1,19821,198201
1983,37.4,880.6,1,19831,198301
1984,61.6,998.5,1,19841,198401
1985,73.5,1056.2,1,19851,198501
1986,32.9,858.5,1,19861,198601
1987,46,922.3,1,19871,198701
1988,62.5,1002.7,1,19881,198801
1989,20.8,799.8,1,19891,198901
1990,8.8,741.7,1,19901,199001
1991,46.1,923.1,1,19911,199101
1992,31.1,849.9,1,19921,199201
1993,34.4,865.8,1,19931,199301
1994,65,1014.8,1,19941,199401
1995,30.3,845.9,1,19951,199501
1996,49,937.2,1,19961,199601
1997,46.4,924.2,1,19971,199701
1998,14.4,768.6,1,19981,199801
1999,31.6,852.5,1,19991,199901
2000,36.8,877.8,1,20001,200001
2001,46.2,923.4,1,20011,200101
2002,18.4,788.4,1,20021,200201
2003,50.3,943.2,1,20031,200301
2004,55,966.2,1,20041,200401
2005,33.2,860,1,20051,200501
2006,0,698.7,1,20061,200601
2007,31.2,850.3,1,20071,200701
2008,40,893.4,1,20081,200801
2009,53.6,959.4,1,20091,200901
2010,48.1,932.6,1,20101,201001
2011,54.2,962.2,1,20111,201101
2012,15.8,775.4,1,20121,201201
2013,30.5,847,1,20131,201301
2014,59,985.5,1,20141,201401
2015,43,907.9,1,20151,201501
2016,38.7,887,1,20161,201601
2017,18.9,790.5,1,20171,201701
2018,44.7,916.1,1,20181,201801
1895,100,974.7,2,18952,189502
1896,44.7,753.3,2,18962,189602
1897,45.9,758.4,2,18972,189702
1898,44.2,751.5,2,18982,189802
1899,93.8,949.8,2,18992,189902
1900,66.2,839.6,2,19002,190002
1901,80.7,897.6,2,19012,190102
1902,76.2,879.5,2,19022,190202
1903,63.7,829.4,2,19032,190302
1904,74.1,871,2,19042,190402
1905,96.3,959.7,2,19052,190502
1906,52.9,786.4,2,19062,190602
1907,57.1,803.2,2,19072,190702
1908,64.7,833.4,2,19082,190802
1909,32.8,705.9,2,19092,190902
1910,71.1,858.9,2,19102,191002
1911,43.5,748.7,2,19112,191102
1912,75.9,878.1,2,19122,191202
1913,67.3,843.9,2,19132,191302
1914,80.3,896,2,19142,191402
1915,33.3,708,2,19152,191502
1916,59,810.7,2,19162,191602
1917,70.8,858,2,19172,191702
1918,50.5,776.8,2,19182,191802
1919,50.5,776.5,2,19192,191902
1920,60.1,814.9,2,19202,192002
1921,31.9,702.4,2,19212,192102
1922,44.1,751,2,19222,192202
1923,74.5,872.5,2,19232,192302
1924,53.1,787.1,2,19242,192402
1925,19.7,653.6,2,19252,192502
1926,37.4,724.1,2,19262,192602
1927,19.6,653.2,2,19272,192702
1928,45.5,756.8,2,19282,192802
1929,79,890.8,2,19292,192902
1930,14.4,632.4,2,19302,193002
1931,29.3,692,2,19312,193102
1932,24.5,672.7,2,19322,193202
1933,57.6,805.1,2,19332,193302
1934,77,882.6,2,19342,193402
1935,44.4,752.3,2,19352,193502
1936,94.2,951.5,2,19362,193602
1937,51.5,780.6,2,19372,193702
1938,26.1,679.2,2,19382,193802
1939,51.3,779.8,2,19392,193902
1940,50.7,777.4,2,19402,194002
1941,59.6,813.1,2,19412,194102
1942,68.4,848.3,2,19422,194202
1943,37.7,725.4,2,19432,194302
1944,42.4,744.2,2,19442,194402
1945,42.9,746.4,2,19452,194502
1946,44.9,754.4,2,19462,194602
1947,72.3,863.7,2,19472,194702
1948,59.9,814.1,2,19482,194802
1949,40.5,736.6,2,19492,194902
1950,41.8,741.7,2,19502,195002
1951,43.3,747.8,2,19512,195102
1952,32.6,704.9,2,19522,195202
1953,30.6,696.9,2,19532,195302
1954,7.8,605.8,2,19542,195402
1955,52.9,786.3,2,19552,195502
1956,44.8,753.8,2,19562,195602
1957,20.6,657.2,2,19572,195702
1958,75.5,876.5,2,19582,195802
1959,53.3,787.8,2,19592,195902
1960,57.5,804.6,2,19602,196002
1961,29.3,691.9,2,19612,196102
1962,47.5,764.8,2,19622,196202
1963,67.7,845.4,2,19632,196302
1964,61.5,820.6,2,19642,196402
1965,55.1,794.9,2,19652,196502
1966,58.3,807.7,2,19662,196602
1967,63.7,829.4,2,19672,196702
1968,65.9,838.2,2,19682,196802
1969,53.8,790,2,19692,196902
1970,48,766.5,2,19702,197002
1971,49.6,773,2,19712,197102
1972,54.4,792.1,2,19722,197202
1973,52.2,783.5,2,19732,197302
1974,47.2,763.5,2,19742,197402
1975,45.7,757.3,2,19752,197502
1976,12.6,625,2,19762,197602
1977,45,754.5,2,19772,197702
1978,94.9,954.3,2,19782,197802
1979,92.8,945.7,2,19792,197902
1980,63.9,830.1,2,19802,198002
1981,30.8,698,2,19812,198102
1982,51.8,781.9,2,19822,198202
1983,34.3,712,2,19832,198302
1984,20.2,655.6,2,19842,198402
1985,58.8,809.8,2,19852,198502
1986,39.6,733.2,2,19862,198602
1987,35.5,716.8,2,19872,198702
1988,49.5,772.8,2,19882,198802
1989,63.7,829.3,2,19892,198902
1990,22.7,665.3,2,19902,199002
1991,15.9,638.1,2,19912,199102
1992,17.4,644.3,2,19922,199202
1993,61.6,821,2,19932,199302
1994,58.5,808.5,2,19942,199402
1995,41.4,740.1,2,19952,199502
1996,40.4,736.4,2,19962,199602
1997,25.5,676.8,2,19972,199702
1998,13.8,629.9,2,19982,199802
1999,18.1,647.1,2,19992,199902
2000,16.5,640.5,2,20002,200002
2001,37.2,723.3,2,20012,200102
2002,24.5,672.8,2,20022,200202
2003,57.9,806.3,2,20032,200302
2004,48.5,768.6,2,20042,200402
2005,25.9,678.1,2,20052,200502
2006,38.2,727.5,2,20062,200602
2007,67.3,843.7,2,20072,200702
2008,41.6,740.9,2,20082,200802
2009,32,702.7,2,20092,200902
2010,59.5,812.5,2,20102,201002
2011,44.5,752.6,2,20112,201102
2012,17.3,644,2,20122,201202
2013,43.3,747.9,2,20132,201302
2014,60.6,817.1,2,20142,201402
2015,77.6,884.9,2,20152,201502
2016,17.8,645.9,2,20162,201602
2017,0,574.6,2,20172,201702
2018,20,654.5,2,20182,201802
1895,66.2,704.8,3,18953,189503
1896,76,746,3,18963,189603
1897,58.7,673.6,3,18973,189703
1898,38.6,589.9,3,18983,189803
1899,69.9,720.3,3,18993,189903
1900,66.8,707.6,3,19003,190003
1901,55.5,660.5,3,19013,190103
1902,43.9,612,3,19023,190203
1903,30.6,556.7,3,19033,190303
1904,55.9,662.2,3,19043,190403
1905,37.2,583.9,3,19053,190503
1906,85.8,786.5,3,19063,190603
1907,34.7,573.7,3,19073,190703
1908,38.5,589.3,3,19083,190803
1909,63.1,692.2,3,19093,190903
1910,12.9,482.5,3,19103,191003
1911,50.5,639.5,3,19113,191103
1912,85,783.3,3,19123,191203
1913,54.4,655.9,3,19133,191303
1914,63.3,692.7,3,19143,191403
1915,81.3,767.8,3,19153,191503
1916,66.5,706.3,3,19163,191603
1917,62,687.4,3,19173,191703
1918,32.4,563.8,3,19183,191803
1919,47.3,626.1,3,19193,191903
1920,55.3,659.6,3,19203,192003
1921,14.3,488.5,3,19213,192103
1922,51.7,644.6,3,19223,192203
1923,66.9,708,3,19233,192303
1924,72.7,732.2,3,19243,192403
1925,36.6,581.4,3,19253,192503
1926,73.1,733.9,3,19263,192603
1927,42,603.9,3,19273,192703
1928,49.4,634.9,3,19283,192803
1929,33.2,567.3,3,19293,192903
1930,56.2,663.4,3,19303,193003
1931,63.7,694.5,3,19313,193103
1932,74.8,740.9,3,19323,193203
1933,55,658.2,3,19333,193303
1934,56.2,663.2,3,19343,193403
1935,37.2,583.9,3,19353,193503
1936,32.9,566.3,3,19363,193603
1937,71,725.1,3,19373,193703
1938,30.6,556.7,3,19383,193803
1939,49.6,635.7,3,19393,193903
1940,64.1,696.2,3,19403,194003
1941,74.8,740.7,3,19413,194103
1942,45.3,617.9,3,19423,194203
1943,64.1,696.4,3,19433,194303
1944,66.5,706,3,19443,194403
1945,17.3,501,3,19453,194503
1946,14.1,487.9,3,19463,194603
1947,74.4,739,3,19473,194703
1948,56.7,665.4,3,19483,194803
1949,52.1,646.3,3,19493,194903
1950,70.2,721.6,3,19503,195003
1951,57.4,668.3,3,19513,195103
1952,66.8,707.4,3,19523,195203
1953,41.5,602.1,3,19533,195303
1954,60,679.1,3,19543,195403
1955,50.7,640.4,3,19553,195503
1956,59.9,678.6,3,19563,195603
1957,51.3,642.7,3,19573,195703
1958,70,720.9,3,19583,195803
1959,52.9,649.6,3,19593,195903
1960,100,845.9,3,19603,196003
1961,41.7,602.9,3,19613,196103
1962,68.8,715.8,3,19623,196203
1963,40.8,599.1,3,19633,196303
1964,57.3,668,3,19643,196403
1965,79.4,760.2,3,19653,196503
1966,42.5,606.3,3,19663,196603
1967,48.5,631,3,19673,196703
1968,38.8,590.7,3,19683,196803
1969,78,754,3,19693,196903
1970,66.2,705.1,3,19703,197003
1971,65.4,701.6,3,19713,197103
1972,48.4,630.8,3,19723,197203
1973,28.2,546.5,3,19733,197303
1974,38.8,590.7,3,19743,197403
1975,67.1,708.7,3,19753,197503
1976,36.1,579.4,3,19763,197603
1977,32.7,565.1,3,19773,197703
1978,62,687.4,3,19783,197803
1979,40.4,597.4,3,19793,197903
1980,64.7,698.6,3,19803,198003
1981,49.8,636.4,3,19813,198103
1982,51.6,643.9,3,19823,198203
1983,42,603.9,3,19833,198303
1984,67.4,709.8,3,19843,198403
1985,37.3,584.4,3,19853,198503
1986,31.2,559,3,19863,198603
1987,38.8,590.6,3,19873,198703
1988,42.6,606.4,3,19883,198803
1989,44.6,614.8,3,19893,198903
1990,29.8,553.3,3,19903,199003
1991,38.3,588.7,3,19913,199103
1992,44,612.5,3,19923,199203
1993,56.7,665.2,3,19933,199303
1994,41.8,603,3,19943,199403
1995,34.3,572,3,19953,199503
1996,67.1,708.5,3,19963,199603
1997,34.6,573.2,3,19973,199703
1998,42,604.2,3,19983,199803
1999,52.9,649.6,3,19993,199903
2000,21.4,518.1,3,20003,200003
2001,56.8,665.6,3,20013,200103
2002,50.4,639,3,20023,200203
2003,40.5,597.6,3,20033,200303
2004,21.9,520.3,3,20043,200403
2005,54.4,655.7,3,20053,200503
2006,45.9,620.3,3,20063,200603
2007,23.8,528,3,20073,200703
2008,48,628.9,3,20083,200803
2009,40.2,596.5,3,20093,200903
2010,31.2,559.1,3,20103,201003
2011,42.5,606.3,3,20113,201103
2012,0,428.9,3,20123,201203
2013,58.8,674.2,3,20133,201303
2014,65.9,703.6,3,20143,201403
2015,45.7,619.6,3,20153,201503
2016,14.2,488.3,3,20163,201603
2017,36.5,581.3,3,20173,201703
2018,50.2,638.4,3,20183,201803
1895,35.9,372.4,4,18954,189504
1896,24.7,350.9,4,18964,189604
1897,42.1,384.3,4,18974,189704
1898,60.2,419,4,18984,189804
1899,36.4,373.4,4,18994,189904
1900,41.9,383.9,4,19004,190004
1901,67.5,433,4,19014,190104
1902,53.6,406.4,4,19024,190204
1903,47.6,394.9,4,19034,190304
1904,80.6,458.3,4,19044,190404
1905,47.9,395.5,4,19054,190504
1906,29.8,360.6,4,19064,190604
1907,100,495.5,4,19074,190704
1908,41.2,382.5,4,19084,190804
1909,60.5,419.6,4,19094,190904
1910,14.1,330.5,4,19104,191004
1911,71.9,441.6,4,19114,191104
1912,50.8,401,4,19124,191204
1913,36.6,373.7,4,19134,191304
1914,49.2,398,4,19144,191404
1915,0.4,304.1,4,19154,191504
1916,52.2,403.7,4,19164,191604
1917,64.3,427,4,19174,191704
1918,60.9,420.3,4,19184,191804
1919,44.2,388.3,4,19194,191904
1920,85.7,468.1,4,19204,192004
1921,16.2,334.5,4,19214,192104
1922,48.8,397.2,4,19224,192204
1923,58.3,415.3,4,19234,192304
1924,54.5,408,4,19244,192404
1925,18.2,338.4,4,19254,192504
1926,71.4,440.5,4,19264,192604
1927,53.7,406.5,4,19274,192704
1928,74.4,446.3,4,19284,192804
1929,43.8,387.5,4,19294,192904
1930,32.9,366.6,4,19304,193004
1931,35.2,371,4,19314,193104
1932,51.5,402.3,4,19324,193204
1933,51,401.4,4,19334,193304
1934,31,363,4,19344,193404
1935,63,424.5,4,19354,193504
1936,65,428.3,4,19364,193604
1937,56.7,412.4,4,19374,193704
1938,28,357.1,4,19384,193804
1939,56.9,412.8,4,19394,193904
1940,64.1,426.5,4,19404,194004
1941,11.9,326.2,4,19414,194104
1942,14.1,330.4,4,19424,194204
1943,61.7,422,4,19434,194304
1944,73,443.7,4,19444,194404
1945,30.3,361.6,4,19454,194504
1946,30,361.1,4,19464,194604
1947,45,389.9,4,19474,194704
1948,29,359.2,4,19484,194804
1949,37.7,375.8,4,19494,194904
1950,75.3,448.1,4,19504,195004
1951,50.3,400,4,19514,195104
1952,27.9,357,4,19524,195204
1953,62.7,423.9,4,19534,195304
1954,15.3,332.7,4,19544,195404
1955,19.8,341.5,4,19554,195504
1956,65.1,428.4,4,19564,195604
1957,31,363,4,19574,195704
1958,37.1,374.7,4,19584,195804
1959,26,353.3,4,19594,195904
1960,15.9,334,4,19604,196004
1961,75.2,447.9,4,19614,196104
1962,39.3,378.8,4,19624,196204
1963,42.6,385.2,4,19634,196304
1964,46.5,392.8,4,19644,196404
1965,55,409.1,4,19654,196504
1966,58.8,416.3,4,19664,196604
1967,59.4,417.5,4,19674,196704
1968,30.7,362.3,4,19684,196804
1969,27.5,356.2,4,19694,196904
1970,50,399.4,4,19704,197004
1971,57.3,413.4,4,19714,197104
1972,63.1,424.6,4,19724,197204
1973,46.5,392.8,4,19734,197304
1974,27.8,356.8,4,19744,197404
1975,94.8,485.6,4,19754,197504
1976,26.7,354.6,4,19764,197604
1977,7.3,317.4,4,19774,197704
1978,46.9,393.5,4,19784,197804
1979,53.7,406.6,4,19794,197904
1980,36.6,373.8,4,19804,198004
1981,10.6,323.7,4,19814,198104
1982,73.8,445.1,4,19824,198204
1983,75.2,447.9,4,19834,198304
1984,53.5,406.2,4,19844,198404
1985,3.2,309.5,4,19854,198504
1986,18.2,338.4,4,19864,198604
1987,17.7,337.4,4,19874,198704
1988,38.8,377.9,4,19884,198804
1989,40.2,380.7,4,19894,198904
1990,26.8,354.9,4,19904,199004
1991,20.1,342.1,4,19914,199104
1992,36.2,372.9,4,19924,199204
1993,46.7,393.1,4,19934,199304
1994,18.1,338.2,4,19944,199404
1995,54.8,408.7,4,19954,199504
1996,43.7,387.3,4,19964,199604
1997,64.6,427.5,4,19974,199704
1998,30.9,362.8,4,19984,199804
1999,35.1,370.8,4,19994,199904
2000,33.8,368.4,4,20004,200004
2001,22.6,346.8,4,20014,200104
2002,21.1,343.9,4,20024,200204
2003,42.9,385.8,4,20034,200304
2004,17.1,336.3,4,20044,200404
2005,17.5,337,4,20054,200504
2006,13.1,328.5,4,20064,200604
2007,48.5,396.5,4,20074,200704
2008,27.6,356.5,4,20084,200804
2009,31.3,363.6,4,20094,200904
2010,2.1,307.5,4,20104,201004
2011,33.2,367.2,4,20114,201104
2012,19.3,340.4,4,20124,201204
2013,40.9,381.9,4,20134,201304
2014,30.9,362.8,4,20144,201404
2015,26.3,353.9,4,20154,201504
2016,26.3,353.9,4,20164,201604
2017,0,303.4,4,20174,201704
2018,75.5,448.5,4,20184,201804
1895,13.3,243.2,5,18955,189505
1896,47.4,277.7,5,18965,189605
1897,22.5,252.5,5,18975,189705
1898,48.8,279.1,5,18985,189805
1899,64.3,294.8,5,18995,189905
1900,18.7,248.7,5,19005,190005
1901,33.6,263.8,5,19015,190105
1902,53.3,283.7,5,19025,190205
1903,9.6,239.5,5,19035,190305
1904,11.2,241.1,5,19045,190405
1905,61.4,291.9,5,19055,190505
1906,35.3,265.5,5,19065,190605
1907,86,316.7,5,19075,190705
1908,43.1,273.4,5,19085,190805
1909,49.9,280.2,5,19095,190905
1910,42.8,273.1,5,19105,191005
1911,16.6,246.6,5,19115,191105
1912,31,261.1,5,19125,191205
1913,32.4,262.6,5,19135,191305
1914,11,240.9,5,19145,191405
1915,75.3,305.9,5,19155,191505
1916,47.9,278.2,5,19165,191605
1917,100,330.9,5,19175,191705
1918,24.1,254.2,5,19185,191805
1919,24.4,254.5,5,19195,191905
1920,56,286.4,5,19205,192005
1921,25.6,255.7,5,19215,192105
1922,17,247,5,19225,192205
1923,38.5,268.7,5,19235,192305
1924,62.2,292.7,5,19245,192405
1925,49.7,280,5,19255,192505
1926,20.7,250.7,5,19265,192605
1927,68.2,298.8,5,19275,192705
1928,19.6,249.6,5,19285,192805
1929,39,269.2,5,19295,192905
1930,33,263.2,5,19305,193005
1931,11.5,241.4,5,19315,193105
1932,17.7,247.7,5,19325,193205
1933,58.2,288.6,5,19335,193305
1934,0,229.8,5,19345,193405
1935,71.7,302.3,5,19355,193505
1936,3,232.8,5,19365,193605
1937,17.9,247.9,5,19375,193705
1938,39.5,269.7,5,19385,193805
1939,10.3,240.2,5,19395,193905
1940,19.9,249.9,5,19405,194005
1941,6.4,236.3,5,19415,194105
1942,19.9,249.9,5,19425,194205
1943,44.1,274.4,5,19435,194305
1944,4.5,234.4,5,19445,194405
1945,57,287.4,5,19455,194505
1946,41.2,271.5,5,19465,194605
1947,39.4,269.6,5,19475,194705
1948,52.7,283.1,5,19485,194805
1949,23.4,253.5,5,19495,194905
1950,52.3,282.7,5,19505,195005
1951,14.9,244.9,5,19515,195105
1952,34.2,264.4,5,19525,195205
1953,49.9,280.2,5,19535,195305
1954,42.4,272.7,5,19545,195405
1955,28.9,259,5,19555,195505
1956,56,286.4,5,19565,195605
1957,31.8,261.9,5,19575,195705
1958,27.8,257.9,5,19585,195805
1959,27.6,257.7,5,19595,195905
1960,22.9,253,5,19605,196005
1961,57.5,287.9,5,19615,196105
1962,47.1,277.4,5,19625,196205
1963,41.8,272.1,5,19635,196305
1964,23.2,253.3,5,19645,196405
1965,23.8,253.9,5,19655,196505
1966,51.8,282.2,5,19665,196605
1967,83,313.7,5,19675,196705
1968,52.5,282.9,5,19685,196805
1969,12,241.9,5,19695,196905
1970,8.1,238,5,19705,197005
1971,50,280.3,5,19715,197105
1972,8.8,238.7,5,19725,197205
1973,40.3,270.5,5,19735,197305
1974,57.3,287.7,5,19745,197405
1975,18.9,248.9,5,19755,197505
1976,26.9,257,5,19765,197605
1977,26.1,256.2,5,19775,197705
1978,35.6,265.8,5,19785,197805
1979,12.7,242.6,5,19795,197905
1980,23.2,253.3,5,19805,198005
1981,24,254.1,5,19815,198105
1982,12.8,242.7,5,19825,198205
1983,42.9,273.2,5,19835,198305
1984,45.1,275.4,5,19845,198405
1985,14.6,244.6,5,19855,198505
1986,11.4,241.3,5,19865,198605
1987,14.6,244.6,5,19875,198705
1988,6.4,236.3,5,19885,198805
1989,35,265.2,5,19895,198905
1990,53.9,284.3,5,19905,199005
1991,30.2,260.3,5,19915,199105
1992,7.9,237.8,5,19925,199205
1993,0.5,230.3,5,19935,199305
1994,31.1,261.2,5,19945,199405
1995,52.5,282.9,5,19955,199505
1996,65,295.5,5,19965,199605
1997,55.1,285.5,5,19975,199705
1998,35.5,265.7,5,19985,199805
1999,19.9,249.9,5,19995,199905
2000,31.1,261.2,5,20005,200005
2001,11.2,241.1,5,20015,200105
2002,53.5,283.9,5,20025,200205
2003,53.2,283.6,5,20035,200305
2004,21.2,251.2,5,20045,200405
2005,43.3,273.6,5,20055,200505
2006,21.4,251.4,5,20065,200605
2007,4.8,234.7,5,20075,200705
2008,50.5,280.9,5,20085,200805
2009,23.5,253.6,5,20095,200905
2010,38.1,268.3,5,20105,201005
2011,32.5,262.7,5,20115,201105
2012,21.8,251.8,5,20125,201205
2013,4,233.8,5,20135,201305
2014,8.7,238.6,5,20145,201405
2015,12.3,242.2,5,20155,201505
2016,16.1,246.1,5,20165,201605
2017,27.5,257.6,5,20175,201705
2018,25.3,255.4,5,20185,201805
1895,47.4,258.9,6,18956,189506
1896,45.5,256.9,6,18966,189606
1897,49.1,260.6,6,18976,189706
1898,56.7,268.4,6,18986,189806
1899,60.3,272.1,6,18996,189906
1900,39.6,250.8,6,19006,190006
1901,55.3,267,6,19016,190106
1902,49.4,260.9,6,19026,190206
1903,0,210.1,6,19036,190306
1904,26,236.9,6,19046,190406
1905,45.1,256.5,6,19056,190506
1906,45.2,256.6,6,19066,190606
1907,14.6,225.1,6,19076,190706
1908,34.3,245.4,6,19086,190806
1909,45.1,256.5,6,19096,190906
1910,15,225.5,6,19106,191006
1911,74.9,287.2,6,19116,191106
1912,10,220.4,6,19126,191206
1913,27.4,238.3,6,19136,191306
1914,73.3,285.5,6,19146,191406
1915,29.1,240,6,19156,191506
1916,29.1,240,6,19166,191606
1917,31.1,242.1,6,19176,191706
1918,56.2,267.9,6,19186,191806
1919,42.1,253.4,6,19196,191906
1920,20.6,231.3,6,19206,192006
1921,59.2,271,6,19216,192106
1922,47.2,258.7,6,19226,192206
1923,47.7,259.2,6,19236,192306
1924,49,260.5,6,19246,192406
1925,79.9,292.3,6,19256,192506
1926,28.7,239.6,6,19266,192606
1927,24,234.8,6,19276,192706
1928,22.1,232.8,6,19286,192806
1929,24.4,235.2,6,19296,192906
1930,28.5,239.4,6,19306,193006
1931,51.2,262.8,6,19316,193106
1932,43,254.3,6,19326,193206
1933,68.3,280.4,6,19336,193306
1934,89.1,301.8,6,19346,193406
1935,24.2,235,6,19356,193506
1936,49.8,261.3,6,19366,193606
1937,48.4,259.9,6,19376,193706
1938,20.5,231.2,6,19386,193806
1939,60.2,272,6,19396,193906
1940,32.5,243.5,6,19406,194006
1941,30.8,241.8,6,19416,194106
1942,45.1,256.5,6,19426,194206
1943,89.2,301.9,6,19436,194306
1944,68.3,280.4,6,19446,194406
1945,35.3,246.4,6,19456,194506
1946,25.3,236.1,6,19466,194606
1947,29.1,240,6,19476,194706
1948,42.8,254.1,6,19486,194806
1949,57.7,269.5,6,19496,194906
1950,31.8,242.8,6,19506,195006
1951,34.2,245.3,6,19516,195106
1952,95.6,308.5,6,19526,195206
1953,82.7,295.2,6,19536,195306
1954,59.8,271.6,6,19546,195406
1955,1.7,211.8,6,19556,195506
1956,46.7,258.2,6,19566,195606
1957,50.5,262.1,6,19576,195706
1958,36.9,248.1,6,19586,195806
1959,40.5,251.8,6,19596,195906
1960,38.4,249.6,6,19606,196006
1961,12.9,223.4,6,19616,196106
1962,27.8,238.7,6,19626,196206
1963,36.7,247.9,6,19636,196306
1964,43.5,254.9,6,19646,196406
1965,18.4,229,6,19656,196506
1966,18.4,229,6,19666,196606
1967,28.7,239.6,6,19676,196706
1968,29.6,240.6,6,19686,196806
1969,37.5,248.7,6,19696,196906
1970,20.6,231.3,6,19706,197006
1971,59.7,271.5,6,19716,197106
1972,15.9,226.5,6,19726,197206
1973,44,255.4,6,19736,197306
1974,8.6,219,6,19746,197406
1975,32.4,243.4,6,19756,197506
1976,24.7,235.5,6,19766,197606
1977,42,253.3,6,19776,197706
1978,40.5,251.8,6,19786,197806
1979,15.4,225.9,6,19796,197906
1980,43.4,254.8,6,19806,198006
1981,71.1,283.3,6,19816,198106
1982,21,231.7,6,19826,198206
1983,17.6,228.2,6,19836,198306
1984,51.2,262.8,6,19846,198406
1985,34.9,246,6,19856,198506
1986,51.1,262.7,6,19866,198606
1987,52,263.6,6,19876,198706
1988,37.3,248.5,6,19886,198806
1989,31.1,242.1,6,19896,198906
1990,54.1,265.8,6,19906,199006
1991,53.5,265.2,6,19916,199106
1992,9.2,219.6,6,19926,199206
1993,36.9,248.1,6,19936,199306
1994,72.3,284.5,6,19946,199406
1995,24,234.8,6,19956,199506
1996,44.5,255.9,6,19966,199606
1997,12.9,223.4,6,19976,199706
1998,65.4,277.4,6,19986,199806
1999,40.7,252,6,19996,199906
2000,43.4,254.8,6,20006,200006
2001,43.2,254.6,6,20016,200106
2002,53.4,265.1,6,20026,200206
2003,18.7,229.3,6,20036,200306
2004,34.6,245.7,6,20046,200406
2005,63.8,275.7,6,20056,200506
2006,48.3,259.8,6,20066,200606
2007,47.5,259,6,20076,200706
2008,78.6,291,6,20086,200806
2009,53.3,264.9,6,20096,200906
2010,100,313,6,20106,201006
2011,84.4,296.9,6,20116,201106
2012,51.4,263,6,20126,201206
2013,57.2,269,6,20136,201306
2014,56,267.7,6,20146,201406
2015,64,276,6,20156,201506
2016,75.9,288.2,6,20166,201606
2017,50,261.6,6,20176,201706
2018,78.1,290.5,6,20186,201806
1895,0,274.5,7,18957,189507
1896,38.1,326.4,7,18967,189607
1897,50.3,343.1,7,18977,189707
1898,40.2,329.3,7,18987,189807
1899,27.4,311.9,7,18997,189907
1900,38,326.3,7,19007,190007
1901,91.2,398.8,7,19017,190107
1902,27.5,312,7,19027,190207
1903,19.5,301.1,7,19037,190307
1904,0.3,274.9,7,19047,190407
1905,16.6,297.1,7,19057,190507
1906,16.1,296.4,7,19067,190607
1907,26.3,310.4,7,19077,190707
1908,34.6,321.6,7,19087,190807
1909,12.2,291.1,7,19097,190907
1910,36.3,324,7,19107,191007
1911,33.5,320.2,7,19117,191107
1912,23.1,306,7,19127,191207
1913,41.4,330.9,7,19137,191307
1914,33.7,320.4,7,19147,191407
1915,10.6,288.9,7,19157,191507
1916,50.8,343.8,7,19167,191607
1917,37.9,326.2,7,19177,191707
1918,7.2,284.3,7,19187,191807
1919,39.1,327.8,7,19197,191907
1920,8.6,286.2,7,19207,192007
1921,70,369.9,7,19217,192107
1922,25.4,309.1,7,19227,192207
1923,19.8,301.5,7,19237,192307
1924,3.9,279.8,7,19247,192407
1925,39,327.6,7,19257,192507
1926,24.6,308,7,19267,192607
1927,21.6,304,7,19277,192707
1928,33,319.5,7,19287,192807
1929,22.3,304.9,7,19297,192907
1930,58.5,354.3,7,19307,193007
1931,84.7,389.9,7,19317,193107
1932,46,337.2,7,19327,193207
1933,44.4,335,7,19337,193307
1934,84.9,390.2,7,19347,193407
1935,57.5,352.9,7,19357,193507
1936,74.7,376.3,7,19367,193607
1937,38.4,326.8,7,19377,193707
1938,33.7,320.5,7,19387,193807
1939,38.4,326.8,7,19397,193907
1940,26.6,310.7,7,19407,194007
1941,38.4,326.9,7,19417,194107
1942,43.4,333.7,7,19427,194207
1943,41.8,331.5,7,19437,194307
1944,31,316.8,7,19447,194407
1945,19.4,301,7,19457,194507
1946,26.5,310.6,7,19467,194607
1947,5.2,281.6,7,19477,194707
1948,36.5,324.2,7,19487,194807
1949,64.6,362.6,7,19497,194907
1950,1.9,277.1,7,19507,195007
1951,35.5,322.9,7,19517,195107
1952,64.1,361.9,7,19527,195207
1953,46,337.2,7,19537,195307
1954,62.2,359.3,7,19547,195407
1955,71.9,372.5,7,19557,195507
1956,22.2,304.8,7,19567,195607
1957,45.6,336.7,7,19577,195707
1958,31.7,317.7,7,19587,195807
1959,37.2,325.2,7,19597,195907
1960,24.5,307.9,7,19607,196007
1961,24.1,307.4,7,19617,196107
1962,13,292.2,7,19627,196207
1963,28.2,312.9,7,19637,196307
1964,39.6,328.5,7,19647,196407
1965,12.5,291.5,7,19657,196507
1966,56.8,351.9,7,19667,196607
1967,9.4,287.3,7,19677,196707
1968,24.4,307.8,7,19687,196807
1969,47.9,339.8,7,19697,196907
1970,35.9,323.4,7,19707,197007
1971,16.5,297,7,19717,197107
1972,22.2,304.7,7,19727,197207
1973,34,320.9,7,19737,197307
1974,32.8,319.2,7,19747,197407
1975,20.2,302,7,19757,197507
1976,11.9,290.7,7,19767,197607
1977,58.9,354.8,7,19777,197707
1978,33.8,320.6,7,19787,197807
1979,19.7,301.3,7,19797,197907
1980,76.7,379,7,19807,198007
1981,47.2,338.8,7,19817,198107
1982,35.3,322.6,7,19827,198207
1983,57.6,353,7,19837,198307
1984,20,301.7,7,19847,198407
1985,32.2,318.4,7,19857,198507
1986,54.9,349.3,7,19867,198607
1987,47,338.6,7,19877,198707
1988,62.9,360.3,7,19887,198807
1989,34.1,321,7,19897,198907
1990,34.6,321.6,7,19907,199007
1991,47.7,339.5,7,19917,199107
1992,22.2,304.7,7,19927,199207
1993,60.3,356.7,7,19937,199307
1994,42,331.8,7,19947,199407
1995,56.1,351,7,19957,199507
1996,30.4,316,7,19967,199607
1997,36.1,323.7,7,19977,199707
1998,61.2,357.9,7,19987,199807
1999,72.7,373.6,7,19997,199907
2000,21.2,303.4,7,20007,200007
2001,30,315.4,7,20017,200107
2002,68.7,368.1,7,20027,200207
2003,47.7,339.5,7,20037,200307
2004,23,305.9,7,20047,200407
2005,70.5,370.6,7,20057,200507
2006,81.7,385.8,7,20067,200607
2007,28.8,313.7,7,20077,200707
2008,46.3,337.6,7,20087,200807
2009,19.7,301.3,7,20097,200907
2010,77.9,380.7,7,20107,201007
2011,100,410.8,7,20117,201107
2012,96.3,405.8,7,20127,201207
2013,49.7,342.2,7,20137,201307
2014,24.4,307.8,7,20147,201407
2015,47.6,339.4,7,20157,201507
2016,82.2,386.6,7,20167,201607
2017,65.7,364.1,7,20177,201707
1895,38,298.9,8,18958,189508
1896,50.9,313.9,8,18968,189608
1897,24.5,283.1,8,18978,189708
1898,46.4,308.7,8,18988,189808
1899,54.3,317.9,8,18998,189908
1900,77,344.5,8,19008,190008
1901,49.5,312.3,8,19018,190108
1902,26.7,285.6,8,19028,190208
1903,25.3,284,8,19038,190308
1904,12.2,268.7,8,19048,190408
1905,31,290.7,8,19058,190508
1906,48.3,310.9,8,19068,190608
1907,22,280.1,8,19078,190708
1908,19.2,276.9,8,19088,190808
1909,39.9,301.1,8,19098,190908
1910,26.2,285,8,19108,191008
1911,30.3,289.9,8,19118,191108
1912,15,271.9,8,19128,191208
1913,49.2,312,8,19138,191308
1914,31.9,291.7,8,19148,191408
1915,9.5,265.5,8,19158,191508
1916,42.1,303.6,8,19168,191608
1917,25.4,284.1,8,19178,191708
1918,68,334,8,19188,191808
1919,24.3,282.8,8,19198,191908
1920,11.4,267.7,8,19208,192008
1921,27.4,286.5,8,19218,192108
1922,27,286,8,19228,192208
1923,25.9,284.7,8,19238,192308
1924,45.3,307.4,8,19248,192408
1925,26.7,285.6,8,19258,192508
1926,48.5,311.1,8,19268,192608
1927,0,254.4,8,19278,192708
1928,50.9,314,8,19288,192808
1929,31.6,291.4,8,19298,192908
1930,38.3,299.2,8,19308,193008
1931,35.6,296,8,19318,193108
1932,44.8,306.8,8,19328,193208
1933,32.5,292.4,8,19338,193308
1934,48.3,310.9,8,19348,193408
1935,53.1,316.5,8,19358,193508
1936,82.8,351.3,8,19368,193608
1937,81.2,349.4,8,19378,193708
1938,74.4,341.5,8,19388,193808
1939,47.5,310,8,19398,193908
1940,23.2,281.5,8,19408,194008
1941,36.2,296.8,8,19418,194108
1942,21.4,279.4,8,19428,194208
1943,60,324.6,8,19438,194308
1944,46.8,309.2,8,19448,194408
1945,27.2,286.2,8,19458,194508
1946,11.1,267.4,8,19468,194608
1947,82.4,350.8,8,19478,194708
1948,33.5,293.6,8,19488,194808
1949,32.6,292.6,8,19498,194908
1950,6,261.4,8,19508,195008
1951,46.3,308.6,8,19518,195108
1952,46.7,309,8,19528,195208
1953,33.4,293.5,8,19538,195308
1954,49,311.7,8,19548,195408
1955,77.2,344.7,8,19558,195508
1956,37.3,298,8,19568,195608
1957,27.1,286.1,8,19578,195708
1958,45.8,308,8,19588,195808
1959,70.3,336.6,8,19598,195908
1960,43.2,305,8,19608,196008
1961,27.9,287,8,19618,196108
1962,40.4,301.7,8,19628,196208
1963,26.9,285.9,8,19638,196308
1964,21.5,279.6,8,19648,196408
1965,27.1,286.1,8,19658,196508
1966,25,283.6,8,19668,196608
1967,13.5,270.2,8,19678,196708
1968,39.2,300.3,8,19688,196808
1969,44.5,306.5,8,19698,196908
1970,52.1,315.3,8,19708,197008
1971,18.7,276.3,8,19718,197108
1972,25.5,284.2,8,19728,197208
1973,42.6,304.3,8,19738,197308
1974,19.3,277,8,19748,197408
1975,43.2,304.9,8,19758,197508
1976,7.1,262.7,8,19768,197608
1977,46.3,308.6,8,19778,197708
1978,46.2,308.5,8,19788,197808
1979,21.3,279.3,8,19798,197908
1980,82.3,350.7,8,19808,198008
1981,26.3,285.2,8,19818,198108
1982,24.5,283.1,8,19828,198208
1983,89.6,359.2,8,19838,198308
1984,51.9,315.1,8,19848,198408
1985,27.9,287.1,8,19858,198508
1986,22.6,280.9,8,19868,198608
1987,52.5,315.8,8,19878,198708
1988,81.2,349.4,8,19888,198808
1989,22.7,281,8,19898,198908
1990,39.3,300.4,8,19908,199008
1991,46.4,308.7,8,19918,199108
1992,2.6,257.4,8,19928,199208
1993,59.6,324.1,8,19938,199308
1994,23.6,282,8,19948,199408
1995,95.6,366.2,8,19958,199508
1996,37.3,298,8,19968,199608
1997,28.5,287.8,8,19978,199708
1998,77.9,345.5,8,19988,199808
1999,57.3,321.4,8,19998,199908
2000,55.1,318.9,8,20008,200008
2001,73.7,340.6,8,20018,200108
2002,68.1,334.1,8,20028,200208
2003,76.3,343.7,8,20038,200308
2004,14.4,271.2,8,20048,200408
2005,84.9,353.7,8,20058,200508
2006,74.9,342,8,20068,200608
2007,100,371.4,8,20078,200708
2008,35.6,296,8,20088,200808
2009,53.6,317.1,8,20098,200908
2010,90.2,359.9,8,20108,201008
2011,88.4,357.8,8,20118,201108
2012,69.1,335.3,8,20128,201208
2013,37,297.7,8,20138,201308
2014,40.6,301.9,8,20148,201408
2015,58.1,322.4,8,20158,201508
2016,95.3,365.9,8,20168,201608
2017,40.7,302,8,20178,201708
1895,65.1,248.9,9,18959,189509
1896,50.7,239.4,9,18969,189609
1897,26.9,223.7,9,18979,189709
1898,39,231.7,9,18989,189809
1899,31,226.4,9,18999,189909
1900,68,250.8,9,19009,190009
1901,21.9,220.4,9,19019,190109
1902,25.9,223.1,9,19029,190209
1903,12.3,214.1,9,19039,190309
1904,44,235,9,19049,190409
1905,45.5,236,9,19059,190509
1906,47.6,237.4,9,19069,190609
1907,42.9,234.3,9,19079,190709
1908,4.6,209,9,19089,190809
1909,24,221.8,9,19099,190909
1910,56.9,243.5,9,19109,191009
1911,95,268.6,9,19119,191109
1912,56.6,243.3,9,19129,191209
1913,13.4,214.8,9,19139,191309
1914,20.8,219.7,9,19149,191409
1915,35.4,229.3,9,19159,191509
1916,13.7,215,9,19169,191609
1917,34,228.4,9,19179,191709
1918,41.3,233.2,9,19189,191809
1919,20,219.2,9,19199,191909
1920,33.4,228,9,19209,192009
1921,96.1,269.3,9,19219,192109
1922,42.3,233.9,9,19229,192209
1923,25.3,222.7,9,19239,192309
1924,43.2,234.5,9,19249,192409
1925,100,271.9,9,19259,192509
1926,81.8,259.9,9,19269,192609
1927,38.8,231.6,9,19279,192709
1928,37.3,230.6,9,19289,192809
1929,24.3,222,9,19299,192909
1930,53.3,241.1,9,19309,193009
1931,80.1,258.8,9,19319,193109
1932,21.4,220.1,9,19329,193209
1933,83.8,261.2,9,19339,193309
1934,30.3,226,9,19349,193409
1935,19.9,219.1,9,19359,193509
1936,53.9,241.5,9,19369,193609
1937,27.8,224.3,9,19379,193709
1938,39.6,232.1,9,19389,193809
1939,65.4,249.1,9,19399,193909
1940,2.1,207.4,9,19409,194009
1941,48.6,238,9,19419,194109
1942,15.3,216.1,9,19429,194209
1943,21.9,220.4,9,19439,194309
1944,24.3,222,9,19449,194409
1945,57.4,243.8,9,19459,194509
1946,15.9,216.5,9,19469,194609
1947,42.9,234.3,9,19479,194709
1948,7.1,210.7,9,19489,194809
1949,44.8,235.5,9,19499,194909
1950,22,220.5,9,19509,195009
1951,49.5,238.6,9,19519,195109
1952,14.3,215.4,9,19529,195209
1953,22.6,220.9,9,19539,195309
1954,74.1,254.8,9,19549,195409
1955,53.4,241.2,9,19559,195509
1956,52.5,240.6,9,19569,195609
1957,21.5,220.2,9,19579,195709
1958,37.8,230.9,9,19589,195809
1959,31.6,226.8,9,19599,195909
1960,34.9,229,9,19609,196009
1961,38.8,231.6,9,19619,196109
1962,45.1,235.7,9,19629,196209
1963,44.5,235.3,9,19639,196309
1964,25.5,222.8,9,19649,196409
1965,48,237.6,9,19659,196509
1966,18.8,218.4,9,19669,196609
1967,0,206,9,19679,196709
1968,0.9,206.6,9,19689,196809
1969,14.6,215.6,9,19699,196909
1970,55.8,242.8,9,19709,197009
1971,34.7,228.9,9,19719,197109
1972,50.1,239,9,19729,197209
1973,38.8,231.6,9,19739,197309
1974,21.7,220.3,9,19749,197409
1975,32.9,227.7,9,19759,197509
1976,11.2,213.4,9,19769,197609
1977,57.4,243.8,9,19779,197709
1978,54.5,241.9,9,19789,197809
1979,20.6,219.6,9,19799,197909
1980,64.2,248.3,9,19809,198009
1981,16.5,216.9,9,19819,198109
1982,19.4,218.8,9,19829,198209
1983,29,225.1,9,19839,198309
1984,44.5,235.3,9,19849,198409
1985,19.1,218.6,9,19859,198509
1986,55.4,242.5,9,19869,198609
1987,21.2,220,9,19879,198709
1988,31,226.4,9,19889,198809
1989,13.5,214.9,9,19899,198909
1990,35.8,229.6,9,19909,199009
1991,25.2,222.6,9,19919,199109
1992,36.4,230,9,19929,199209
1993,51.9,240.2,9,19939,199309
1994,2.4,207.6,9,19949,199409
1995,39.5,232,9,19959,199509
1996,13.7,215,9,19969,199609
1997,48.3,237.8,9,19979,199709
1998,65.1,248.9,9,19989,199809
1999,19,218.5,9,19999,199909
2000,38.7,231.5,9,20009,200009
2001,10.6,213,9,20019,200109
2002,50.8,239.5,9,20029,200209
2003,20.6,219.6,9,20039,200309
2004,27.2,223.9,9,20049,200409
2005,71.5,253.1,9,20059,200509
2006,22.6,220.9,9,20069,200609
2007,45.7,236.1,9,20079,200709
2008,28.5,224.8,9,20089,200809
2009,35.4,229.3,9,20099,200909
2010,60.5,245.9,9,20109,201009
2011,37.6,230.8,9,20119,201109
2012,39.9,232.3,9,20129,201209
2013,42.2,233.8,9,20139,201309
2014,46.1,236.4,9,20149,201409
2015,67.8,250.7,9,20159,201509
2016,72.2,253.6,9,20169,201609
2017,26.6,223.5,9,20179,201709
1895,82.7,418.8,10,189510,189510
1896,65.3,383.6,10,189610,189610
1897,28.4,309,10,189710,189710
1898,42.9,338.2,10,189810,189810
1899,29.6,311.3,10,189910,189910
1900,9.8,271.2,10,190010,190010
1901,31.7,315.5,10,190110,190110
1902,35.4,323.1,10,190210,190210
1903,32.1,316.4,10,190310,190310
1904,50,352.7,10,190410,190410
1905,48.9,350.5,10,190510,190510
1906,42.7,337.8,10,190610,190610
1907,62.5,378,10,190710,190710
1908,39,330.3,10,190810,190810
1909,64.1,381.3,10,190910,190910
1910,18.7,289.3,10,191010,191010
1911,52.7,358.1,10,191110,191110
1912,40,332.4,10,191210,191210
1913,34.3,320.9,10,191310,191310
1914,13.8,279.4,10,191410,191410
1915,28.4,308.9,10,191510,191510
1916,51.3,355.2,10,191610,191610
1917,84,421.5,10,191710,191710
1918,20.6,293.1,10,191810,191810
1919,43.3,339.1,10,191910,191910
1920,14.1,279.9,10,192010,192010
1921,32.7,317.6,10,192110,192110
1922,26.1,304.2,10,192210,192210
1923,53.3,359.3,10,192310,192310
1924,31.1,314.3,10,192410,192410
1925,100,453.9,10,192510,192510
1926,44.6,341.8,10,192610,192610
1927,17.5,286.8,10,192710,192710
1928,30.7,313.6,10,192810,192810
1929,46.9,346.3,10,192910,192910
1930,54.2,361.2,10,193010,193010
1931,18.2,288.2,10,193110,193110
1932,37,326.3,10,193210,193210
1933,44.1,340.7,10,193310,193310
1934,38.4,329.1,10,193410,193410
1935,42.8,338.1,10,193510,193510
1936,37.3,327,10,193610,193610
1937,48.9,350.5,10,193710,193710
1938,18.9,289.7,10,193810,193810
1939,32.3,316.8,10,193910,193910
1940,34.5,321.3,10,194010,194010
1941,30.1,312.3,10,194110,194110
1942,28.5,309.1,10,194210,194210
1943,41.7,335.8,10,194310,194310
1944,33.3,318.9,10,194410,194410
1945,43.9,340.3,10,194510,194510
1946,25.9,303.9,10,194610,194610
1947,1.5,254.4,10,194710,194710
1948,51.3,355.3,10,194810,194810
1949,21,294,10,194910,194910
1950,17.1,286,10,195010,195010
1951,29.6,311.3,10,195110,195110
1952,62.8,378.5,10,195210,195210
1953,14.6,281,10,195310,195310
1954,23.7,299.3,10,195410,195410
1955,26.2,304.5,10,195510,195510
1956,22.4,296.7,10,195610,195610
1957,56.8,366.4,10,195710,195710
1958,31.5,315.1,10,195810,195810
1959,37.3,326.9,10,195910,195910
1960,37.7,327.8,10,196010,196010
1961,24.7,301.4,10,196110,196110
1962,28.3,308.7,10,196210,196210
1963,0,251.4,10,196310,196310
1964,50.8,354.2,10,196410,196410
1965,38.3,328.9,10,196510,196510
1966,50.6,353.9,10,196610,196610
1967,37.3,327,10,196710,196710
1968,27,306,10,196810,196810
1969,53.9,360.6,10,196910,196910
1970,31.3,314.8,10,197010,197010
1971,11.6,274.8,10,197110,197110
1972,65.9,384.9,10,197210,197210
1973,17.7,287.2,10,197310,197310
1974,50.4,353.5,10,197410,197410
1975,24.2,300.5,10,197510,197510
1976,74.9,403.1,10,197610,197610
1977,46.9,346.4,10,197710,197710
1978,44.3,341.2,10,197810,197810
1979,39.3,330.9,10,197910,197910
1980,55.6,364,10,198010,198010
1981,63.3,379.5,10,198110,198110
1982,33.1,318.5,10,198210,198210
1983,30.4,313,10,198310,198310
1984,23.8,299.6,10,198410,198410
1985,32.7,317.6,10,198510,198510
1986,31.3,314.8,10,198610,198610
1987,66,385,10,198710,198710
1988,70.2,393.6,10,198810,198810
1989,30.2,312.5,10,198910,198910
1990,26.9,305.8,10,199010,199010
1991,26.9,305.9,10,199110,199110
1992,48.3,349.2,10,199210,199210
1993,49.2,351.1,10,199310,199310
1994,35.9,324.1,10,199410,199410
1995,23.4,298.7,10,199510,199510
1996,36.4,325.1,10,199610,199610
1997,35.9,324,10,199710,199710
1998,29.4,310.9,10,199810,199810
1999,38.2,328.8,10,199910,199910
2000,22.9,297.8,10,200010,200010
2001,30.7,313.5,10,200110,200110
2002,54.5,361.7,10,200210,200210
2003,36.9,326.1,10,200310,200310
2004,36.3,324.9,10,200410,200410
2005,22,296,10,200510,200510
2006,51.5,355.6,10,200610,200610
2007,4.7,261,10,200710,200710
2008,39.3,330.9,10,200810,200810
2009,63.5,380,10,200910,200910
2010,19.5,290.9,10,201010,201010
2011,26,304.1,10,201110,201110
2012,31.8,315.7,10,201210,201210
2013,30.1,312.3,10,201310,201310
2014,20.6,293.2,10,201410,201410
2015,25.6,303.3,10,201510,201510
2016,15.1,281.9,10,201610,201610
2017,7.9,267.4,10,201710,201710
1895,69.9,608.6,11,189511,189511
1896,57.1,575.4,11,189611,189611
1897,63.5,591.8,11,189711,189711
1898,86.9,652.5,11,189811,189811
1899,38.5,527,11,189911,189911
1900,48.7,553.5,11,190011,190011
1901,83,642.4,11,190111,190111
1902,25.8,494.3,11,190211,190211
1903,82.8,642,11,190311,190311
1904,62.6,589.6,11,190411,190411
1905,64.6,594.8,11,190511,190511
1906,68.8,605.6,11,190611,190611
1907,72.6,615.4,11,190711,190711
1908,53.2,565.1,11,190811,190811
1909,23.6,488.4,11,190911,190911
1910,83.8,644.5,11,191011,191011
1911,95.8,675.5,11,191111,191111
1912,56.2,572.9,11,191211,191211
1913,32.4,511.2,11,191311,191311
1914,51.7,561.3,11,191411,191411
1915,46.5,547.8,11,191511,191511
1916,67.6,602.6,11,191611,191611
1917,67.5,602.3,11,191711,191711
1918,63,590.6,11,191811,191811
1919,68.9,606,11,191911,191911
1920,77.4,627.9,11,192011,192011
1921,51.1,559.7,11,192111,192111
1922,55.3,570.7,11,192211,192211
1923,57.2,575.5,11,192311,192311
1924,54.6,568.8,11,192411,192411
1925,76.3,625.1,11,192511,192511
1926,72.4,614.9,11,192611,192611
1927,26.7,496.6,11,192711,192711
1928,55.1,570.2,11,192811,192811
1929,78.5,630.8,11,192911,192911
1930,57.4,576.2,11,193011,193011
1931,19.9,478.8,11,193111,193111
1932,74.7,620.8,11,193211,193211
1933,66.9,600.7,11,193311,193311
1934,29.4,503.4,11,193411,193411
1935,60.6,584.5,11,193511,193511
1936,80.4,635.7,11,193611,193611
1937,71.7,613.1,11,193711,193711
1938,55.9,572.1,11,193811,193811
1939,66.6,600,11,193911,193911
1940,73,616.4,11,194011,194011
1941,43.4,539.9,11,194111,194111
1942,44.9,543.8,11,194211,194211
1943,72.2,614.4,11,194311,194311
1944,57.1,575.4,11,194411,194411
1945,49.6,555.9,11,194511,194511
1946,42.9,538.5,11,194611,194611
1947,91.5,664.4,11,194711,194711
1948,38.7,527.6,11,194811,194811
1949,43.4,539.9,11,194911,194911
1950,67.7,602.7,11,195011,195011
1951,97.3,679.4,11,195111,195111
1952,61.2,586,11,195211,195211
1953,42.1,536.5,11,195311,195311
1954,51.9,561.8,11,195411,195411
1955,81.4,638.2,11,195511,195511
1956,60.1,583.1,11,195611,195611
1957,59.8,582.2,11,195711,195711
1958,40.1,531.3,11,195811,195811
1959,78.9,631.9,11,195911,195911
1960,46.3,547.2,11,196011,196011
1961,56.3,573.2,11,196111,196111
1962,60.3,583.6,11,196211,196211
1963,31.7,509.5,11,196311,196311
1964,41.1,533.8,11,196411,196411
1965,40.3,531.7,11,196511,196511
1966,39.7,530.2,11,196611,196611
1967,72.6,615.6,11,196711,196711
1968,58.3,578.5,11,196811,196811
1969,63.5,591.8,11,196911,196911
1970,54.8,569.3,11,197011,197011
1971,60.8,585,11,197111,197111
1972,83.5,643.7,11,197211,197211
1973,42.6,537.6,11,197311,197311
1974,49.1,554.6,11,197411,197411
1975,27.4,498.4,11,197511,197511
1976,100,686.5,11,197611,197611
1977,37.3,523.9,11,197711,197711
1978,48.8,553.7,11,197811,197811
1979,51.4,560.4,11,197911,197911
1980,62,588.1,11,198011,198011
1981,39,528.5,11,198111,198111
1982,46.5,547.9,11,198211,198211
1983,41.7,535.5,11,198311,198311
1984,61.8,587.5,11,198411,198411
1985,45.3,544.8,11,198511,198511
1986,61.3,586.2,11,198611,198611
1987,33.9,515.2,11,198711,198711
1988,40.8,533.1,11,198811,198811
1989,50.8,558.9,11,198911,198911
1990,22.1,484.5,11,199011,199011
1991,66.4,599.3,11,199111,199111
1992,60.8,585,11,199211,199211
1993,66.1,598.6,11,199311,199311
1994,34.4,516.5,11,199411,199411
1995,70.6,610.4,11,199511,199511
1996,82.3,640.5,11,199611,199611
1997,68.4,604.7,11,199711,199711
1998,31.2,508.2,11,199811,199811
1999,2.9,434.7,11,199911,199911
2000,75,621.8,11,200011,200011
2001,0,427.3,11,200111,200111
2002,56.4,573.5,11,200211,200211
2003,30.9,507.4,11,200311,200311
2004,32.8,512.4,11,200411,200411
2005,24.3,490.2,11,200511,200511
2006,23.1,487.3,11,200611,200611
2007,42.9,538.6,11,200711,200711
2008,46,546.5,11,200811,200811
2009,13.9,463.3,11,200911,200911
2010,43.5,540.1,11,201011,201011
2011,24.2,490,11,201111,201111
2012,49.4,555.3,11,201211,201211
2013,63.5,592,11,201311,201311
2014,78,629.5,11,201411,201411
2015,18.5,475.3,11,201511,201511
2016,7.2,446,11,201611,201611
2017,36.8,522.6,11,201711,201711
1895,52.8,846.5,12,189512,189512
1896,47.5,822.6,12,189612,189612
1897,60,878.9,12,189712,189712
1898,71.8,931.8,12,189812,189812
1899,56.4,862.5,12,189912,189912
1900,48.6,827.5,12,190012,190012
1901,66.6,908.4,12,190112,190112
1902,65,901.2,12,190212,190212
1903,79.8,967.9,12,190312,190312
1904,68.7,917.8,12,190412,190412
1905,58,869.8,12,190512,190512
1906,47.5,822.5,12,190612,190612
1907,43.5,804.4,12,190712,190712
1908,49.2,830.3,12,190812,190812
1909,90.2,1014.5,12,190912,190912
1910,74.3,943.3,12,191012,191012
1911,43.9,806.6,12,191112,191112
1912,47.3,821.9,12,191212,191212
1913,42.2,798.6,12,191312,191312
1914,84.7,989.8,12,191412,191412
1915,57.8,868.9,12,191512,191512
1916,69.9,923.3,12,191612,191612
1917,89.9,1013.3,12,191712,191712
1918,35.6,768.9,12,191812,191812
1919,77.8,958.9,12,191912,191912
1920,48.5,826.9,12,192012,192012
1921,42.2,798.8,12,192112,192112
1922,46,815.9,12,192212,192212
1923,21.5,705.8,12,192312,192312
1924,73.4,939.1,12,192412,192412
1925,60.3,880.2,12,192512,192512
1926,65.6,904.1,12,192612,192612
1927,63.2,893.2,12,192712,192712
1928,47.6,823,12,192812,192812
1929,49.2,830.4,12,192912,192912
1930,64,897,12,193012,193012
1931,27.9,734.5,12,193112,193112
1932,59.3,875.5,12,193212,193212
1933,39.2,785.3,12,193312,193312
1934,58.2,870.9,12,193412,193412
1935,77.8,958.7,12,193512,193512
1936,39.8,787.8,12,193612,193612
1937,57.3,866.6,12,193712,193712
1938,46.7,818.9,12,193812,193812
1939,32.4,754.8,12,193912,193912
1940,32.4,754.5,12,194012,194012
1941,32.6,755.4,12,194112,194112
1942,62.3,889.1,12,194212,194212
1943,61,883.5,12,194312,194312
1944,71.9,932.5,12,194412,194412
1945,80,968.9,12,194512,194512
1946,34.4,763.9,12,194612,194612
1947,56.1,861.1,12,194712,194712
1948,47.5,822.7,12,194812,194812
1949,42.1,798.2,12,194912,194912
1950,63.6,894.9,12,195012,195012
1951,53.3,848.7,12,195112,195112
1952,47.3,821.8,12,195212,195212
1953,43,802.4,12,195312,195312
1954,51,838.4,12,195412,195412
1955,66.4,907.7,12,195512,195512
1956,24.7,720.1,12,195612,195612
1957,29.5,741.5,12,195712,195712
1958,72.2,933.9,12,195812,195812
1959,34.8,765.6,12,195912,195912
1960,77.2,956.1,12,196012,196012
1961,59.6,876.9,12,196112,196112
1962,64.8,900.6,12,196212,196212
1963,92.8,1026.4,12,196312,196312
1964,50.2,834.7,12,196412,196412
1965,35,766.3,12,196512,196512
1966,53.7,850.6,12,196612,196612
1967,47.5,822.7,12,196712,196712
1968,67.3,911.8,12,196812,196812
1969,58.6,872.6,12,196912,196912
1970,47.1,820.6,12,197012,197012
1971,32.4,754.8,12,197112,197112
1972,54.9,856,12,197212,197212
1973,45.7,814.7,12,197312,197312
1974,46,815.8,12,197412,197412
1975,47,820.2,12,197512,197512
1976,75.2,947.2,12,197612,197612
1977,53.9,851.5,12,197712,197712
1978,57.7,868.4,12,197812,197812
1979,34.7,765.2,12,197912,197912
1980,50.3,835.3,12,198012,198012
1981,54.3,853,12,198112,198112
1982,23.5,714.7,12,198212,198212
1983,85.3,992.4,12,198312,198312
1984,25.8,725.1,12,198412,198412
1985,76.1,951.4,12,198512,198512
1986,43.6,805.2,12,198612,198612
1987,39,784.5,12,198712,198712
1988,50.1,834.1,12,198812,198812
1989,100,1058.7,12,198912,198912
1990,43.7,805.5,12,199012,199012
1991,33.1,758,12,199112,199112
1992,49.6,832.1,12,199212,199212
1993,48.3,826.4,12,199312,199312
1994,27.8,733.8,12,199412,199412
1995,57.5,867.5,12,199512,199512
1996,34.6,764.6,12,199612,199612
1997,44.1,807.5,12,199712,199712
1998,26.7,729.1,12,199812,199812
1999,33.9,761.5,12,199912,199912
2000,84.5,988.8,12,200012,200012
2001,22.3,709.4,12,200112,200112
2002,46.4,817.8,12,200212,200212
2003,40.7,792.1,12,200312,200312
2004,43.4,804.2,12,200412,200412
2005,57.2,866.2,12,200512,200512
2006,21,703.4,12,200612,200612
2007,44.8,810.4,12,200712,200712
2008,50.3,835.1,12,200812,200812
2009,60.4,880.6,12,200912,200912
2010,66,905.6,12,201012,201012
2011,28.4,736.6,12,201112,201112
2012,22.8,711.7,12,201212,201212
2013,52.9,846.9,12,201312,201312
2014,24.9,721.2,12,201412,201412
2015,0,609,12,201512,201512
2016,44.1,807.2,12,201612,201612
2017,46.6,818.5,12,201712,201712