year,newprice,lag1,peek1,lag2,peek2,lag3,peek3,lag4,peek4,peek5,peek6,peek7,lag8,peek8,lag9,peek9,lag10,peek10,lag11,peek11,lag12,peek12
1991,2.1294214739848565,3.635,3.2960000000000003,3.8289999999999997,4.542,4.668,5.006,5.122000000000001,5.526,5.5760000000000005,5.853,5.792999999999999,5.357,5.2829999999999995,4.853,4.815,4.4030000000000005,3.95,3.196,3.7489999999999997,2.965,3.168
1991,2.1529243184396396,3.0580000000000003,4.542,3.635,5.006,3.8289999999999997,5.526,4.668,5.5760000000000005,5.853,5.792999999999999,5.2829999999999995,5.406000000000001,4.815,5.357,3.95,4.853,3.7489999999999997,4.4030000000000005,3.168,3.196,3.415
1991,2.1736147116970854,3.2960000000000003,5.006,3.0580000000000003,5.526,3.635,5.5760000000000005,3.8289999999999997,5.853,5.792999999999999,5.2829999999999995,4.815,5.675,3.95,5.406000000000001,3.7489999999999997,5.357,3.168,4.853,3.415,4.4030000000000005,4.705
1991,2.194999882314108,4.542,5.526,3.2960000000000003,5.5760000000000005,3.0580000000000003,5.853,3.635,5.792999999999999,5.2829999999999995,4.815,3.95,5.6160000000000005,3.7489999999999997,5.675,3.168,5.406000000000001,3.415,5.357,4.705,4.853,5.185
1991,2.2126603854660587,5.006,5.5760000000000005,4.542,5.853,3.2960000000000003,5.792999999999999,3.0580000000000003,5.2829999999999995,4.815,3.95,3.7489999999999997,5.122000000000001,3.168,5.6160000000000005,3.415,5.675,4.705,5.406000000000001,5.185,5.357,5.724
1991,2.2321626286975,5.526,5.853,5.006,5.792999999999999,4.542,5.2829999999999995,3.2960000000000003,4.815,3.95,3.7489999999999997,3.168,4.668,3.415,5.122000000000001,4.705,5.6160000000000005,5.185,5.675,5.724,5.406000000000001,5.776
1991,2.238579763018133,5.5760000000000005,5.792999999999999,5.526,5.2829999999999995,5.006,4.815,4.542,3.95,3.7489999999999997,3.168,3.415,3.8289999999999997,4.705,4.668,5.185,5.122000000000001,5.724,5.6160000000000005,5.776,5.675,6.063
1991,2.2417729535972883,5.853,5.2829999999999995,5.5760000000000005,4.815,5.526,3.95,5.006,3.7489999999999997,3.168,3.415,4.705,3.635,5.185,3.8289999999999997,5.724,4.668,5.776,5.122000000000001,6.063,5.6160000000000005,6.0
1991,2.2375130962503307,5.792999999999999,4.815,5.853,3.95,5.5760000000000005,3.7489999999999997,5.526,3.168,3.415,4.705,5.185,3.0580000000000003,5.724,3.635,5.776,3.8289999999999997,6.063,4.668,6.0,5.122000000000001,5.473
1991,2.2321626286975,5.2829999999999995,3.95,5.792999999999999,3.7489999999999997,5.853,3.168,5.5760000000000005,3.415,4.705,5.185,5.724,3.2960000000000003,5.776,3.0580000000000003,6.063,3.635,6.0,3.8289999999999997,5.473,4.668,4.988
1991,2.191653532286764,4.815,3.7489999999999997,5.2829999999999995,3.168,5.792999999999999,3.415,5.853,4.705,5.185,5.724,5.776,4.542,6.063,3.2960000000000003,6.0,3.0580000000000003,5.473,3.635,4.988,3.8289999999999997,4.092
1991,2.175887439948088,3.95,3.168,4.815,3.415,5.2829999999999995,4.705,5.792999999999999,5.185,5.724,5.776,6.063,5.006,6.0,4.542,5.473,3.2960000000000003,4.988,3.0580000000000003,4.092,3.635,3.884
1992,2.1633230256605382,3.7489999999999997,3.415,3.95,4.705,4.815,5.185,5.2829999999999995,5.724,5.776,6.063,6.0,5.526,5.473,5.006,4.988,4.542,4.092,3.2960000000000003,3.884,3.0580000000000003,3.2569999999999997
1992,2.172476407647025,3.168,4.705,3.7489999999999997,5.185,3.95,5.724,4.815,5.776,6.063,6.0,5.473,5.5760000000000005,4.988,5.526,4.092,5.006,3.884,4.542,3.2569999999999997,3.2960000000000003,3.511
1992,2.1983350716202463,3.415,5.185,3.168,5.724,3.7489999999999997,5.776,3.95,6.063,6.0,5.473,4.988,5.853,4.092,5.5760000000000005,3.884,5.526,3.2569999999999997,5.006,3.511,4.542,4.837
1992,2.200552367428894,4.705,5.724,3.415,5.776,3.168,6.063,3.7489999999999997,6.0,5.473,4.988,4.092,5.792999999999999,3.884,5.853,3.2569999999999997,5.5760000000000005,3.511,5.526,4.837,5.006,5.332000000000001
1992,2.238579763018133,5.185,5.776,4.705,6.063,3.415,6.0,3.168,5.473,4.988,4.092,3.884,5.2829999999999995,3.2569999999999997,5.792999999999999,3.511,5.853,4.837,5.5760000000000005,5.332000000000001,5.526,5.886
1992,2.262804222982201,5.724,6.063,5.185,6.0,4.705,5.473,3.415,4.988,4.092,3.884,3.2569999999999997,4.815,3.511,5.2829999999999995,4.837,5.792999999999999,5.332000000000001,5.853,5.886,5.5760000000000005,5.939
1992,2.255493485460195,5.776,6.0,5.724,5.473,5.185,4.988,4.705,4.092,3.884,3.2569999999999997,3.511,3.95,4.837,4.815,5.332000000000001,5.2829999999999995,5.886,5.792999999999999,5.939,5.853,6.235
1992,2.25758772706331,6.063,5.473,5.776,4.988,5.724,4.092,5.185,3.884,3.2569999999999997,3.511,4.837,3.7489999999999997,5.332000000000001,3.95,5.886,4.815,5.939,5.2829999999999995,6.235,5.792999999999999,6.17
1992,2.2607208888953467,6.0,4.988,6.063,4.092,5.776,3.884,5.724,3.2569999999999997,3.511,4.837,5.332000000000001,3.168,5.886,3.7489999999999997,5.939,3.95,6.235,4.815,6.17,5.2829999999999995,5.627000000000001
1992,2.244955980157409,5.473,4.092,6.0,3.884,6.063,3.2569999999999997,5.776,3.511,4.837,5.332000000000001,5.886,3.415,5.939,3.168,6.235,3.7489999999999997,6.17,3.95,5.627000000000001,4.815,5.129
1992,2.2126603854660587,4.988,3.884,5.473,3.2569999999999997,6.0,3.511,6.063,4.837,5.332000000000001,5.886,5.939,4.705,6.235,3.415,6.17,3.168,5.627000000000001,3.7489999999999997,5.129,3.95,4.207
1992,2.1815467646169897,4.092,3.2569999999999997,4.988,3.511,5.473,4.837,6.0,5.332000000000001,5.886,5.939,6.235,5.185,6.17,4.705,5.627000000000001,3.415,5.129,3.168,4.207,3.7489999999999997,3.9930000000000003
1993,2.166765369851511,3.884,3.511,4.092,4.837,4.988,5.332000000000001,5.473,5.886,5.939,6.235,6.17,5.724,5.627000000000001,5.185,5.129,4.705,4.207,3.415,3.9930000000000003,3.168,3.346
1993,2.1736147116970854,3.2569999999999997,4.837,3.884,5.332000000000001,4.092,5.886,4.988,5.939,6.235,6.17,5.627000000000001,5.776,5.129,5.724,4.207,5.185,3.9930000000000003,4.705,3.346,3.415,3.6069999999999998
1993,2.174751721484161,3.511,5.332000000000001,3.2569999999999997,5.886,3.884,5.939,4.092,6.235,6.17,5.627000000000001,5.129,6.063,4.207,5.776,3.9930000000000003,5.724,3.346,5.185,3.6069999999999998,4.705,4.97
1993,2.211565694606877,4.837,5.886,3.511,5.939,3.2569999999999997,6.235,3.884,6.17,5.627000000000001,5.129,4.207,6.0,3.9930000000000003,6.063,3.346,5.776,3.6069999999999998,5.724,4.97,5.185,5.478
1993,2.25758772706331,5.332000000000001,5.939,4.837,6.235,3.511,6.17,3.2569999999999997,5.627000000000001,5.129,4.207,3.9930000000000003,5.473,3.346,6.0,3.6069999999999998,6.063,4.97,5.776,5.478,5.724,6.047000000000001
1993,2.2762411176544437,5.886,6.235,5.332000000000001,6.17,4.837,5.627000000000001,3.511,5.129,4.207,3.9930000000000003,3.346,4.988,3.6069999999999998,5.473,4.97,6.0,5.478,6.063,6.047000000000001,5.776,6.102
1993,2.2752138961979136,5.939,6.17,5.886,5.627000000000001,5.332000000000001,5.129,4.837,4.207,3.9930000000000003,3.346,3.6069999999999998,4.092,4.97,4.988,5.478,5.473,6.047000000000001,6.0,6.102,6.063,6.405
1993,2.2752138961979136,6.235,5.627000000000001,5.939,5.129,5.886,4.207,5.332000000000001,3.9930000000000003,3.346,3.6069999999999998,4.97,3.884,5.478,4.092,6.047000000000001,4.988,6.102,5.473,6.405,6.0,6.3389999999999995
1993,2.281361456542419,6.17,5.129,6.235,4.207,5.939,3.9930000000000003,5.886,3.346,3.6069999999999998,4.97,5.478,3.2569999999999997,6.047000000000001,3.884,6.102,4.092,6.405,4.988,6.3389999999999995,5.473,5.781000000000001
1993,2.278292400425001,5.627000000000001,4.207,6.17,3.9930000000000003,6.235,3.346,5.939,3.6069999999999998,4.97,5.478,6.047000000000001,3.511,6.102,3.2569999999999997,6.405,3.884,6.3389999999999995,4.092,5.781000000000001,4.988,5.269
1993,2.2202898502672155,5.129,3.9930000000000003,5.627000000000001,3.346,6.17,3.6069999999999998,6.235,4.97,5.478,6.047000000000001,6.102,4.837,6.405,3.511,6.3389999999999995,3.2569999999999997,5.781000000000001,3.884,5.269,4.092,4.322
1993,2.186051276738094,4.207,3.346,5.129,3.6069999999999998,5.627000000000001,4.97,6.17,5.478,6.047000000000001,6.102,6.405,5.332000000000001,6.3389999999999995,4.837,5.781000000000001,3.511,5.269,3.2569999999999997,4.322,3.884,4.103
1994,2.167910189667444,3.9930000000000003,3.6069999999999998,4.207,4.97,5.129,5.478,5.627000000000001,6.047000000000001,6.102,6.405,6.3389999999999995,5.886,5.781000000000001,5.332000000000001,5.269,4.837,4.322,3.511,4.103,3.2569999999999997,3.398
1994,2.180417459019838,3.346,4.97,3.9930000000000003,5.478,4.207,6.047000000000001,5.129,6.102,6.405,6.3389999999999995,5.781000000000001,5.939,5.269,5.886,4.322,5.332000000000001,4.103,4.837,3.398,3.511,3.6630000000000003
1994,2.206074192613202,3.6069999999999998,5.478,3.346,6.047000000000001,3.9930000000000003,6.102,4.207,6.405,6.3389999999999995,5.781000000000001,5.269,6.235,4.322,5.939,4.103,5.886,3.398,5.332000000000001,3.6630000000000003,4.837,5.047
1994,2.2300144001592104,4.97,6.047000000000001,3.6069999999999998,6.102,3.346,6.405,3.9930000000000003,6.3389999999999995,5.781000000000001,5.269,4.322,6.17,4.103,6.235,3.398,5.939,3.6630000000000003,5.886,5.047,5.332000000000001,5.562
1994,2.254444717666111,5.478,6.102,4.97,6.405,3.6069999999999998,6.3389999999999995,3.346,5.781000000000001,5.269,4.322,4.103,5.627000000000001,3.398,6.17,3.6630000000000003,6.235,5.047,5.939,5.562,5.886,6.141
1994,2.2793164660546914,6.047000000000001,6.405,5.478,6.3389999999999995,4.97,5.781000000000001,3.6069999999999998,5.269,4.322,4.103,3.398,5.129,3.6630000000000003,5.627000000000001,5.047,6.17,5.562,6.235,6.141,5.939,6.196000000000001
1994,2.2823823856765264,6.102,6.3389999999999995,6.047000000000001,5.781000000000001,5.478,5.269,4.97,4.322,4.103,3.398,3.6630000000000003,4.207,5.047,5.129,5.562,5.627000000000001,6.141,6.17,6.196000000000001,6.235,6.504
1994,2.286455711064162,6.405,5.781000000000001,6.102,5.269,6.047000000000001,4.322,5.478,4.103,3.398,3.6630000000000003,5.047,3.9930000000000003,5.562,4.207,6.141,5.129,6.196000000000001,5.627000000000001,6.504,6.17,6.437
1994,2.2844211223663744,6.3389999999999995,5.269,6.405,4.322,6.102,4.103,6.047000000000001,3.398,3.6630000000000003,5.047,5.562,3.346,6.141,3.9930000000000003,6.196000000000001,4.207,6.504,5.129,6.437,5.627000000000001,5.871
1994,2.25758772706331,5.781000000000001,4.322,6.3389999999999995,4.103,6.405,3.398,6.102,3.6630000000000003,5.047,5.562,6.141,3.6069999999999998,6.196000000000001,3.346,6.504,3.9930000000000003,6.437,4.207,5.871,5.129,5.351
1994,2.2289385528257473,5.269,4.103,5.781000000000001,3.398,6.3389999999999995,3.6630000000000003,6.405,5.047,5.562,6.141,6.196000000000001,4.97,6.504,3.6069999999999998,6.437,3.346,5.871,3.9930000000000003,5.351,4.207,4.388999999999999
1994,2.203869120054888,4.322,3.398,5.269,3.6630000000000003,5.781000000000001,5.047,6.3389999999999995,5.562,6.141,6.196000000000001,6.504,5.478,6.437,4.97,5.871,3.6069999999999998,5.351,3.346,4.388999999999999,3.9930000000000003,4.166
1995,2.180417459019838,4.103,3.6630000000000003,4.322,5.047,5.269,5.562,5.781000000000001,6.141,6.196000000000001,6.504,6.437,6.047000000000001,5.871,5.478,5.351,4.97,4.388999999999999,3.6069999999999998,4.166,3.346,3.429
1995,2.1983350716202463,3.398,5.047,4.103,5.562,4.322,6.141,5.269,6.196000000000001,6.504,6.437,5.871,6.102,5.351,6.047000000000001,4.388999999999999,5.478,4.166,4.97,3.429,3.6069999999999998,3.697
1995,2.2126603854660587,3.6630000000000003,5.562,3.398,6.141,4.103,6.196000000000001,4.322,6.504,6.437,5.871,5.351,6.405,4.388999999999999,6.102,4.166,6.047000000000001,3.429,5.478,3.697,4.97,5.093
1995,2.2417729535972883,5.047,6.141,3.6630000000000003,6.196000000000001,3.398,6.504,4.103,6.437,5.871,5.351,4.388999999999999,6.3389999999999995,4.166,6.405,3.429,6.102,3.697,6.047000000000001,5.093,5.478,5.614
1995,2.254444717666111,5.562,6.196000000000001,5.047,6.504,3.6630000000000003,6.437,3.398,5.871,5.351,4.388999999999999,4.166,5.781000000000001,3.429,6.3389999999999995,3.697,6.405,5.093,6.102,5.614,6.047000000000001,6.197
1995,2.2741856184723477,6.141,6.504,5.562,6.437,5.047,5.871,3.6630000000000003,5.351,4.388999999999999,4.166,3.429,5.269,3.697,5.781000000000001,5.093,6.3389999999999995,5.614,6.405,6.197,6.102,6.252999999999999
1995,2.2823823856765264,6.196000000000001,6.437,6.141,5.871,5.562,5.351,5.047,4.388999999999999,4.166,3.429,3.697,4.322,5.093,5.269,5.614,5.781000000000001,6.197,6.3389999999999995,6.252999999999999,6.405,6.564
1995,2.280339484046726,6.504,5.871,6.196000000000001,5.351,6.141,4.388999999999999,5.562,4.166,3.429,3.697,5.093,4.103,5.614,4.322,6.197,5.269,6.252999999999999,5.781000000000001,6.564,6.3389999999999995,6.496
1995,2.258633205464863,6.437,5.351,6.504,4.388999999999999,6.196000000000001,4.166,6.141,3.429,3.697,5.093,5.614,3.398,6.197,4.103,6.252999999999999,4.322,6.564,5.269,6.496,5.781000000000001,5.925
1995,2.2669579153508947,5.871,4.388999999999999,6.437,4.166,6.504,3.429,6.196000000000001,3.697,5.093,5.614,6.197,3.6630000000000003,6.252999999999999,3.398,6.564,4.103,6.496,4.322,5.925,5.269,5.4
1995,2.225704048658088,5.351,4.166,5.871,3.429,6.437,3.697,6.504,5.093,5.614,6.197,6.252999999999999,5.047,6.564,3.6630000000000003,6.496,3.398,5.925,4.103,5.4,4.322,4.428999999999999
1995,2.199444334074532,4.388999999999999,3.429,5.351,3.697,5.871,5.093,6.437,5.614,6.197,6.252999999999999,6.564,5.562,6.496,5.047,5.925,3.6630000000000003,5.4,3.398,4.428999999999999,4.103,4.205
1996,2.169053700369523,4.166,3.697,4.388999999999999,5.093,5.351,5.614,5.871,6.197,6.252999999999999,6.564,6.496,6.141,5.925,5.562,5.4,5.047,4.428999999999999,3.6630000000000003,4.205,3.398,3.383
1996,2.175887439948088,3.429,5.093,4.166,5.614,4.388999999999999,6.197,5.351,6.252999999999999,6.564,6.496,5.925,6.196000000000001,5.4,6.141,4.428999999999999,5.562,4.205,5.047,3.383,3.6630000000000003,3.647
1996,2.2071749081893874,3.697,5.614,3.429,6.197,4.166,6.252999999999999,4.388999999999999,6.564,6.496,5.925,5.4,6.504,4.428999999999999,6.196000000000001,4.205,6.141,3.383,5.562,3.647,5.047,5.025
1996,2.2235418856535927,5.093,6.197,3.697,6.252999999999999,3.429,6.564,4.166,6.496,5.925,5.4,4.428999999999999,6.437,4.205,6.504,3.383,6.196000000000001,3.647,6.141,5.025,5.562,5.539
1996,2.255493485460195,5.614,6.252999999999999,5.093,6.564,3.697,6.496,3.429,5.925,5.4,4.428999999999999,4.205,5.871,3.383,6.437,3.647,6.504,5.025,6.196000000000001,5.539,6.141,6.114
1996,2.2669579153508947,6.197,6.564,5.614,6.496,5.093,5.925,3.697,5.4,4.428999999999999,4.205,3.383,5.351,3.647,5.871,5.025,6.437,5.539,6.504,6.114,6.196000000000001,6.169
1996,2.2752138961979136,6.252999999999999,6.496,6.197,5.925,5.614,5.4,5.093,4.428999999999999,4.205,3.383,3.647,4.388999999999999,5.025,5.351,5.539,5.871,6.114,6.437,6.169,6.504,6.477
1996,2.288486168614544,6.564,5.925,6.252999999999999,5.4,6.197,4.428999999999999,5.614,4.205,3.383,3.647,5.025,4.166,5.539,4.388999999999999,6.114,5.351,6.169,5.871,6.477,6.437,6.409
1996,2.281361456542419,6.496,5.4,6.564,4.428999999999999,6.252999999999999,4.205,6.197,3.383,3.647,5.025,5.539,3.429,6.114,4.166,6.169,4.388999999999999,6.477,5.351,6.409,5.871,5.846
1996,2.269028309465203,5.925,4.428999999999999,6.496,4.205,6.564,3.383,6.252999999999999,3.647,5.025,5.539,6.114,3.697,6.169,3.429,6.477,4.166,6.409,4.388999999999999,5.846,5.351,5.327999999999999
1996,2.224623551524334,5.4,4.205,5.925,3.383,6.496,3.647,6.564,5.025,5.539,6.114,6.169,5.093,6.477,3.697,6.409,3.429,5.846,4.166,5.327999999999999,4.388999999999999,4.37
1996,2.196112848483529,4.428999999999999,3.383,5.4,3.647,5.925,5.025,6.496,5.539,6.114,6.169,6.477,5.614,6.409,5.093,5.846,3.697,5.327999999999999,3.429,4.37,4.166,4.148
1997,2.1826747963214883,4.205,3.647,4.428999999999999,5.025,5.4,5.539,5.925,6.114,6.169,6.477,6.409,6.197,5.846,5.614,5.327999999999999,5.093,4.37,3.697,4.148,3.429,3.346
1997,2.194999882314108,3.383,5.025,4.205,5.539,4.428999999999999,6.114,5.4,6.169,6.477,6.409,5.846,6.252999999999999,5.327999999999999,6.197,4.37,5.614,4.148,5.093,3.346,3.697,3.6069999999999998
1997,2.2235418856535927,3.647,5.539,3.383,6.114,4.205,6.169,4.428999999999999,6.477,6.409,5.846,5.327999999999999,6.564,4.37,6.252999999999999,4.148,6.197,3.346,5.614,3.6069999999999998,5.093,4.97
1997,2.238579763018133,5.025,6.114,3.647,6.169,3.383,6.477,4.205,6.409,5.846,5.327999999999999,4.37,6.496,4.148,6.564,3.346,6.252999999999999,3.6069999999999998,6.197,4.97,5.614,5.478
1997,2.2669579153508947,5.539,6.169,5.025,6.477,3.647,6.409,3.383,5.846,5.327999999999999,4.37,4.148,5.925,3.346,6.496,3.6069999999999998,6.564,4.97,6.252999999999999,5.478,6.197,6.047000000000001
1997,2.2935443483418965,6.114,6.477,5.539,6.409,5.025,5.846,3.647,5.327999999999999,4.37,4.148,3.346,5.4,3.6069999999999998,5.925,4.97,6.496,5.478,6.564,6.047000000000001,6.252999999999999,6.102
1997,2.2762411176544437,6.169,6.409,6.114,5.846,5.539,5.327999999999999,5.025,4.37,4.148,3.346,3.6069999999999998,4.428999999999999,4.97,5.4,5.478,5.925,6.047000000000001,6.496,6.102,6.564,6.406000000000001
1997,2.2823823856765264,6.477,5.846,6.169,5.327999999999999,6.114,4.37,5.539,4.148,3.346,3.6069999999999998,4.97,4.205,5.478,4.428999999999999,6.047000000000001,5.4,6.102,5.925,6.406000000000001,6.496,6.3389999999999995
1997,2.277267285009756,6.409,5.327999999999999,6.477,4.37,6.169,4.148,6.114,3.346,3.6069999999999998,4.97,5.478,3.383,6.047000000000001,4.205,6.102,4.428999999999999,6.406000000000001,5.4,6.3389999999999995,5.925,5.782
1997,2.2607208888953467,5.846,4.37,6.409,4.148,6.477,3.346,6.169,3.6069999999999998,4.97,5.478,6.047000000000001,3.647,6.102,3.383,6.406000000000001,4.205,6.3389999999999995,4.428999999999999,5.782,5.4,5.269
1997,2.224623551524334,5.327999999999999,4.148,5.846,3.346,6.409,3.6069999999999998,6.477,4.97,5.478,6.047000000000001,6.102,5.025,6.406000000000001,3.647,6.3389999999999995,3.383,5.782,4.205,5.269,4.428999999999999,4.322
1997,2.200552367428894,4.37,3.346,5.327999999999999,3.6069999999999998,5.846,4.97,6.409,5.478,6.047000000000001,6.102,6.406000000000001,5.539,6.3389999999999995,5.025,5.782,3.647,5.269,3.383,4.322,4.205,4.103
1998,2.1826747963214883,4.148,3.6069999999999998,4.37,4.97,5.327999999999999,5.478,5.846,6.047000000000001,6.102,6.406000000000001,6.3389999999999995,6.114,5.782,5.539,5.269,5.025,4.322,3.647,4.103,3.383,3.27
1998,2.1938856760707046,3.346,4.97,4.148,5.478,4.37,6.047000000000001,5.327999999999999,6.102,6.406000000000001,6.3389999999999995,5.782,6.169,5.269,6.114,4.322,5.539,4.103,5.025,3.27,3.647,3.525
1998,2.1983350716202463,3.6069999999999998,5.478,3.346,6.047000000000001,4.148,6.102,4.37,6.406000000000001,6.3389999999999995,5.782,5.269,6.477,4.322,6.169,4.103,6.114,3.27,5.539,3.525,5.025,4.856
1998,2.222459048514761,4.97,6.047000000000001,3.6069999999999998,6.102,3.346,6.406000000000001,4.148,6.3389999999999995,5.782,5.269,4.322,6.409,4.103,6.477,3.27,6.169,3.525,6.114,4.856,5.539,5.353
1998,2.2502386126218363,5.478,6.102,4.97,6.406000000000001,3.6069999999999998,6.3389999999999995,3.346,5.782,5.269,4.322,4.103,5.846,3.27,6.409,3.525,6.477,4.856,6.169,5.353,6.114,5.909
1998,2.254444717666111,6.047000000000001,6.406000000000001,5.478,6.3389999999999995,4.97,5.782,3.6069999999999998,5.269,4.322,4.103,3.27,5.327999999999999,3.525,5.846,4.856,6.409,5.353,6.477,5.909,6.169,5.962000000000001
1998,2.259677591982769,6.102,6.3389999999999995,6.047000000000001,5.782,5.478,5.269,4.97,4.322,4.103,3.27,3.525,4.37,4.856,5.327999999999999,5.353,5.846,5.909,6.409,5.962000000000001,6.477,6.2589999999999995
1998,2.258633205464863,6.406000000000001,5.782,6.102,5.269,6.047000000000001,4.322,5.478,4.103,3.27,3.525,4.856,4.148,5.353,4.37,5.909,5.327999999999999,5.962000000000001,5.846,6.2589999999999995,6.409,6.194
1998,2.2438960966453663,6.3389999999999995,5.269,6.406000000000001,4.322,6.102,4.103,6.047000000000001,3.27,3.525,4.856,5.353,3.346,5.909,4.148,5.962000000000001,4.37,6.2589999999999995,5.327999999999999,6.194,5.846,5.649
1998,2.224623551524334,5.782,4.322,6.3389999999999995,4.103,6.406000000000001,3.27,6.102,3.525,4.856,5.353,5.909,3.6069999999999998,5.962000000000001,3.346,6.2589999999999995,4.148,6.194,4.37,5.649,5.327999999999999,5.149
1998,2.201659174404085,5.269,4.103,5.782,3.27,6.3389999999999995,3.525,6.406000000000001,4.856,5.353,5.909,5.962000000000001,4.97,6.2589999999999995,3.6069999999999998,6.194,3.346,5.649,4.148,5.149,4.37,4.223
1998,2.188295946591918,4.322,3.27,5.269,3.525,5.782,4.856,6.3389999999999995,5.353,5.909,5.962000000000001,6.2589999999999995,5.478,6.194,4.97,5.649,3.6069999999999998,5.149,3.346,4.223,4.148,4.0089999999999995
1999,2.149433913499871,4.103,3.525,4.322,4.856,5.269,5.353,5.782,5.909,5.962000000000001,6.2589999999999995,6.194,6.047000000000001,5.649,5.478,5.149,4.97,4.223,3.6069999999999998,4.0089999999999995,3.346,3.1260000000000003
1999,2.188295946591918,3.27,4.856,4.103,5.353,4.322,5.909,5.269,5.962000000000001,6.2589999999999995,6.194,5.649,6.102,5.149,6.047000000000001,4.223,5.478,4.0089999999999995,4.97,3.1260000000000003,3.6069999999999998,3.37
1999,2.186051276738094,3.525,5.353,3.27,5.909,4.103,5.962000000000001,4.322,6.2589999999999995,6.194,5.649,5.149,6.406000000000001,4.223,6.102,4.0089999999999995,6.047000000000001,3.1260000000000003,5.478,3.37,4.97,4.643
1999,2.2071749081893874,4.856,5.909,3.525,5.962000000000001,3.27,6.2589999999999995,4.103,6.194,5.649,5.149,4.223,6.3389999999999995,4.0089999999999995,6.406000000000001,3.1260000000000003,6.102,3.37,6.047000000000001,4.643,5.478,5.117
1999,2.2267833795777636,5.353,5.962000000000001,4.856,6.2589999999999995,3.525,6.194,3.27,5.649,5.149,4.223,4.0089999999999995,5.782,3.1260000000000003,6.3389999999999995,3.37,6.406000000000001,4.643,6.102,5.117,6.047000000000001,5.649
1999,2.2438960966453663,5.909,6.2589999999999995,5.353,6.194,4.856,5.649,3.525,5.149,4.223,4.0089999999999995,3.1260000000000003,5.269,3.37,5.782,4.643,6.3389999999999995,5.117,6.406000000000001,5.649,6.102,5.7
1999,2.2502386126218363,5.962000000000001,6.194,5.909,5.649,5.353,5.149,4.856,4.223,4.0089999999999995,3.1260000000000003,3.37,4.322,4.643,5.269,5.117,5.782,5.649,6.3389999999999995,5.7,6.406000000000001,5.984
1999,2.2428350885882717,6.2589999999999995,5.649,5.962000000000001,5.149,5.909,4.223,5.353,4.0089999999999995,3.1260000000000003,3.37,4.643,4.103,5.117,4.322,5.649,5.269,5.7,5.782,5.984,6.3389999999999995,5.922000000000001
1999,2.2364452904895007,6.194,5.149,6.2589999999999995,4.223,5.962000000000001,4.0089999999999995,5.909,3.1260000000000003,3.37,4.643,5.117,3.27,5.649,4.103,5.7,4.322,5.984,5.269,5.922000000000001,5.782,5.401
1999,2.2375130962503307,5.649,4.223,6.194,4.0089999999999995,6.2589999999999995,3.1260000000000003,5.962000000000001,3.37,4.643,5.117,5.649,3.525,5.7,3.27,5.984,4.103,5.922000000000001,4.322,5.401,5.269,4.923
1999,2.2071749081893874,5.149,4.0089999999999995,5.649,3.1260000000000003,6.194,3.37,6.2589999999999995,4.643,5.117,5.649,5.7,4.856,5.984,3.525,5.922000000000001,3.27,5.401,4.103,4.923,4.322,4.038
1999,2.190535589185423,4.223,3.1260000000000003,5.149,3.37,5.649,4.643,6.194,5.117,5.649,5.7,5.984,5.353,5.922000000000001,4.856,5.401,3.525,4.923,3.27,4.038,4.103,3.833
2000,2.1587147225743437,4.0089999999999995,3.37,4.223,4.643,5.149,5.117,5.649,5.649,5.7,5.984,5.922000000000001,5.909,5.401,5.353,4.923,4.856,4.038,3.525,3.833,3.27,2.989
2000,2.1644717908644115,3.1260000000000003,4.643,4.0089999999999995,5.117,4.223,5.649,5.149,5.7,5.984,5.922000000000001,5.401,5.962000000000001,4.923,5.909,4.038,5.353,3.833,4.856,2.989,3.525,3.222
2000,2.2071749081893874,3.37,5.117,3.1260000000000003,5.649,4.0089999999999995,5.7,4.223,5.984,5.922000000000001,5.401,4.923,6.2589999999999995,4.038,5.962000000000001,3.833,5.909,2.989,5.353,3.222,4.856,4.439
2000,2.21375387928743,4.643,5.649,3.37,5.7,3.1260000000000003,5.984,4.0089999999999995,5.922000000000001,5.401,4.923,4.038,6.194,3.833,6.2589999999999995,2.989,5.962000000000001,3.222,5.909,4.439,5.353,4.893
2000,2.234306252240751,5.117,5.7,4.643,5.984,3.37,5.922000000000001,3.1260000000000003,5.401,4.923,4.038,3.833,5.649,2.989,6.194,3.222,6.2589999999999995,4.439,5.962000000000001,4.893,5.909,5.401
2000,2.25758772706331,5.649,5.984,5.117,5.922000000000001,4.643,5.401,3.37,4.923,4.038,3.833,2.989,5.149,3.222,5.649,4.439,6.194,4.893,6.2589999999999995,5.401,5.962000000000001,5.45
2000,2.262804222982201,5.7,5.922000000000001,5.649,5.401,5.117,4.923,4.643,4.038,3.833,2.989,3.222,4.223,4.439,5.149,4.893,5.649,5.401,6.194,5.45,6.2589999999999995,5.721
2000,2.2648832258100344,5.984,5.401,5.7,4.923,5.649,4.038,5.117,3.833,2.989,3.222,4.439,4.0089999999999995,4.893,4.223,5.401,5.149,5.45,5.649,5.721,6.194,5.662000000000001
2000,2.252343876557299,5.922000000000001,4.923,5.984,4.038,5.7,3.833,5.649,2.989,3.222,4.439,4.893,3.1260000000000003,5.401,4.0089999999999995,5.45,4.223,5.721,5.149,5.662000000000001,5.649,5.164
2000,2.2502386126218363,5.401,4.038,5.922000000000001,3.833,5.984,2.989,5.7,3.222,4.439,4.893,5.401,3.37,5.45,3.1260000000000003,5.721,4.0089999999999995,5.662000000000001,4.223,5.164,5.149,4.706
2000,2.21375387928743,4.923,3.833,5.401,2.989,5.922000000000001,3.222,5.984,4.439,4.893,5.401,5.45,4.643,5.721,3.37,5.662000000000001,3.1260000000000003,5.164,4.0089999999999995,4.706,4.223,3.861
2000,2.1770218700187,4.038,2.989,4.923,3.222,5.401,4.439,5.922000000000001,4.893,5.401,5.45,5.721,5.117,5.662000000000001,4.643,5.164,3.37,4.706,3.1260000000000003,3.861,4.0089999999999995,3.665
2001,2.166765369851511,3.833,3.222,4.038,4.439,4.923,4.893,5.401,5.401,5.45,5.721,5.662000000000001,5.649,5.164,5.117,4.706,4.643,3.861,3.37,3.665,3.1260000000000003,2.887
2001,2.201659174404085,2.989,4.439,3.833,4.893,4.038,5.401,4.923,5.45,5.721,5.662000000000001,5.164,5.7,4.706,5.649,3.861,5.117,3.665,4.643,2.887,3.37,3.112
2001,2.2321626286975,3.222,4.893,2.989,5.401,3.833,5.45,4.038,5.721,5.662000000000001,5.164,4.706,5.984,3.861,5.7,3.665,5.649,2.887,5.117,3.112,4.643,4.288
2001,2.247072383063787,4.439,5.401,3.222,5.45,2.989,5.721,3.833,5.662000000000001,5.164,4.706,3.861,5.922000000000001,3.665,5.984,2.887,5.7,3.112,5.649,4.288,5.117,4.726
2001,2.285438934159075,4.893,5.45,4.439,5.721,3.222,5.662000000000001,2.989,5.164,4.706,3.861,3.665,5.401,2.887,5.922000000000001,3.112,5.984,4.288,5.7,4.726,5.649,5.2170000000000005
2001,2.309560706730471,5.401,5.721,4.893,5.662000000000001,4.439,5.164,3.222,4.706,3.861,3.665,2.887,4.923,3.112,5.401,4.288,5.922000000000001,4.726,5.984,5.2170000000000005,5.7,5.263999999999999
2001,2.305580601973844,5.45,5.662000000000001,5.401,5.164,4.893,4.706,4.439,3.861,3.665,2.887,3.112,4.038,4.288,4.923,4.726,5.401,5.2170000000000005,5.922000000000001,5.263999999999999,5.984,5.526
2001,2.303584593327129,5.721,5.164,5.45,4.706,5.401,3.861,4.893,3.665,2.887,3.112,4.288,3.833,4.726,4.038,5.2170000000000005,4.923,5.263999999999999,5.401,5.526,5.922000000000001,5.468999999999999
2001,2.2945529212967815,5.662000000000001,4.706,5.721,3.861,5.45,3.665,5.401,2.887,3.112,4.288,4.726,2.989,5.2170000000000005,3.833,5.263999999999999,4.038,5.526,4.923,5.468999999999999,5.401,4.988
2001,2.286455711064162,5.164,3.861,5.662000000000001,3.665,5.721,2.887,5.45,3.112,4.288,4.726,5.2170000000000005,3.222,5.263999999999999,2.989,5.526,3.833,5.468999999999999,4.038,4.988,4.923,4.546
2001,2.2491843162669305,4.706,3.665,5.164,2.887,5.662000000000001,3.112,5.721,4.288,4.726,5.2170000000000005,5.263999999999999,4.439,5.526,3.222,5.468999999999999,2.989,4.988,3.833,4.546,4.038,3.7289999999999996
2001,2.2289385528257473,3.861,2.887,4.706,3.112,5.164,4.288,5.662000000000001,4.726,5.2170000000000005,5.263999999999999,5.526,4.893,5.468999999999999,4.439,4.988,3.222,4.546,2.989,3.7289999999999996,3.833,3.54
2002,2.2049722641270453,3.665,3.112,3.861,4.288,4.706,4.726,5.164,5.2170000000000005,5.263999999999999,5.526,5.468999999999999,5.401,4.988,4.893,4.546,4.439,3.7289999999999996,3.222,3.54,2.989,2.807
2002,2.2181159363675955,2.887,4.288,3.665,4.726,3.861,5.2170000000000005,4.706,5.263999999999999,5.526,5.468999999999999,4.988,5.45,4.546,5.401,3.7289999999999996,4.893,3.54,4.439,2.807,3.222,3.0260000000000002
2002,2.2159372862683733,3.112,4.726,2.887,5.2170000000000005,3.665,5.263999999999999,3.861,5.526,5.468999999999999,4.988,4.546,5.721,3.7289999999999996,5.45,3.54,5.401,2.807,4.893,3.0260000000000002,4.439,4.169
2002,2.2375130962503307,4.288,5.2170000000000005,3.112,5.263999999999999,2.887,5.526,3.665,5.468999999999999,4.988,4.546,3.7289999999999996,5.662000000000001,3.54,5.721,2.807,5.45,3.0260000000000002,5.401,4.169,4.893,4.595
2002,2.265921108622454,4.726,5.263999999999999,4.288,5.526,3.112,5.468999999999999,2.887,4.988,4.546,3.7289999999999996,3.54,5.164,2.807,5.662000000000001,3.0260000000000002,5.721,4.169,5.45,4.595,5.401,5.072
2002,2.2752138961979136,5.2170000000000005,5.526,4.726,5.468999999999999,4.288,4.988,3.112,4.546,3.7289999999999996,3.54,2.807,4.706,3.0260000000000002,5.164,4.169,5.662000000000001,4.595,5.721,5.072,5.45,5.118
2002,2.2844211223663744,5.263999999999999,5.468999999999999,5.2170000000000005,4.988,4.726,4.546,4.288,3.7289999999999996,3.54,2.807,3.0260000000000002,3.861,4.169,4.706,4.595,5.164,5.072,5.662000000000001,5.118,5.721,5.372999999999999
2002,2.2741856184723477,5.526,4.988,5.263999999999999,4.546,5.2170000000000005,3.7289999999999996,4.726,3.54,2.807,3.0260000000000002,4.169,3.665,4.595,3.861,5.072,4.706,5.118,5.164,5.372999999999999,5.662000000000001,5.317
2002,2.2607208888953467,5.468999999999999,4.546,5.526,3.7289999999999996,5.263999999999999,3.54,5.2170000000000005,2.807,3.0260000000000002,4.169,4.595,2.887,5.072,3.665,5.118,3.861,5.372999999999999,4.706,5.317,5.164,4.85
2002,2.248128907197987,4.988,3.7289999999999996,5.468999999999999,3.54,5.526,2.807,5.263999999999999,3.0260000000000002,4.169,4.595,5.072,3.112,5.118,2.887,5.372999999999999,3.665,5.317,3.861,4.85,4.706,4.42
2002,2.231089091288976,4.546,3.54,4.988,2.807,5.468999999999999,3.0260000000000002,5.526,4.169,4.595,5.072,5.118,4.288,5.372999999999999,3.112,5.317,2.887,4.85,3.665,4.42,3.861,3.6260000000000003
2002,2.206074192613202,3.7289999999999996,2.807,4.546,3.0260000000000002,4.988,4.169,5.468999999999999,4.595,5.072,5.118,5.372999999999999,4.726,5.317,4.288,4.85,3.112,4.42,2.887,3.6260000000000003,3.665,3.4410000000000003
2003,2.1972245773362196,3.54,3.0260000000000002,3.7289999999999996,4.169,4.546,4.595,4.988,5.072,5.118,5.372999999999999,5.317,5.2170000000000005,4.85,4.726,4.42,4.288,3.6260000000000003,3.112,3.4410000000000003,2.887,2.77
2003,2.199444334074532,2.807,4.169,3.54,4.595,3.7289999999999996,5.072,4.546,5.118,5.372999999999999,5.317,4.85,5.263999999999999,4.42,5.2170000000000005,3.6260000000000003,4.726,3.4410000000000003,4.288,2.77,3.112,2.986
2003,2.2353763433005955,3.0260000000000002,4.595,2.807,5.072,3.54,5.118,3.7289999999999996,5.372999999999999,5.317,4.85,4.42,5.526,3.6260000000000003,5.263999999999999,3.4410000000000003,5.2170000000000005,2.77,4.726,2.986,4.288,4.114
2003,2.2844211223663744,4.169,5.072,3.0260000000000002,5.118,2.807,5.372999999999999,3.54,5.317,4.85,4.42,3.6260000000000003,5.468999999999999,3.4410000000000003,5.526,2.77,5.263999999999999,2.986,5.2170000000000005,4.114,4.726,4.534
2003,2.301584592660462,4.595,5.118,4.169,5.372999999999999,3.0260000000000002,5.317,2.807,4.85,4.42,3.6260000000000003,3.4410000000000003,4.988,2.77,5.468999999999999,2.986,5.526,4.114,5.263999999999999,4.534,5.2170000000000005,5.006
2003,2.327277705584417,5.072,5.372999999999999,4.595,5.317,4.169,4.85,3.0260000000000002,4.42,3.6260000000000003,3.4410000000000003,2.77,4.546,2.986,4.988,4.114,5.468999999999999,4.534,5.526,5.006,5.263999999999999,5.051
2003,2.3233676321765744,5.118,5.317,5.072,4.85,4.595,4.42,4.169,3.6260000000000003,3.4410000000000003,2.77,2.986,3.7289999999999996,4.114,4.546,4.534,4.988,5.006,5.468999999999999,5.051,5.526,5.3020000000000005
2003,2.3243465847755584,5.372999999999999,4.85,5.118,4.42,5.072,3.6260000000000003,4.595,3.4410000000000003,2.77,2.986,4.114,3.54,4.534,3.7289999999999996,5.006,4.546,5.051,4.988,5.3020000000000005,5.468999999999999,5.247000000000001
2003,2.2945529212967815,5.317,4.42,5.372999999999999,3.6260000000000003,5.118,3.4410000000000003,5.072,2.77,2.986,4.114,4.534,2.807,5.006,3.54,5.051,3.7289999999999996,5.3020000000000005,4.546,5.247000000000001,4.988,4.7860000000000005
2003,2.2874714551839976,4.85,3.6260000000000003,5.317,3.4410000000000003,5.372999999999999,2.77,5.118,2.986,4.114,4.534,5.006,3.0260000000000002,5.051,2.807,5.3020000000000005,3.54,5.247000000000001,3.7289999999999996,4.7860000000000005,4.546,4.362
2003,2.2741856184723477,4.42,3.4410000000000003,4.85,2.77,5.317,2.986,5.372999999999999,4.114,4.534,5.006,5.051,4.169,5.3020000000000005,3.0260000000000002,5.247000000000001,2.807,4.7860000000000005,3.54,4.362,3.7289999999999996,3.5780000000000003
2003,2.2300144001592104,3.6260000000000003,2.77,4.42,2.986,4.85,4.114,5.317,4.534,5.006,5.051,5.3020000000000005,4.595,5.247000000000001,4.169,4.7860000000000005,3.0260000000000002,4.362,2.807,3.5780000000000003,3.54,3.3960000000000004
2004,2.2235418856535927,3.4410000000000003,2.986,3.6260000000000003,4.114,4.42,4.534,4.85,5.006,5.051,5.3020000000000005,5.247000000000001,5.072,4.7860000000000005,4.595,4.362,4.169,3.5780000000000003,3.0260000000000002,3.3960000000000004,2.807,2.718
2004,2.2332350148592526,2.77,4.114,3.4410000000000003,4.534,3.6260000000000003,5.006,4.42,5.051,5.3020000000000005,5.247000000000001,4.7860000000000005,5.118,4.362,5.072,3.5780000000000003,4.595,3.3960000000000004,4.169,2.718,3.0260000000000002,2.93
2004,2.263844264677615,2.986,4.534,2.77,5.006,3.4410000000000003,5.051,3.6260000000000003,5.3020000000000005,5.247000000000001,4.7860000000000005,4.362,5.372999999999999,3.5780000000000003,5.118,3.3960000000000004,5.072,2.718,4.595,2.93,4.169,4.0360000000000005
2004,2.295560478057081,4.114,5.006,2.986,5.051,2.77,5.3020000000000005,3.4410000000000003,5.247000000000001,4.7860000000000005,4.362,3.5780000000000003,5.317,3.3960000000000004,5.372999999999999,2.718,5.118,2.93,5.072,4.0360000000000005,4.595,4.449
2004,2.309560706730471,4.534,5.051,4.114,5.3020000000000005,2.986,5.247000000000001,2.77,4.7860000000000005,4.362,3.5780000000000003,3.3960000000000004,4.85,2.718,5.317,2.93,5.372999999999999,4.0360000000000005,5.118,4.449,5.072,4.9110000000000005
2004,2.331172549845958,5.006,5.3020000000000005,4.534,5.247000000000001,4.114,4.7860000000000005,2.986,4.362,3.5780000000000003,3.3960000000000004,2.718,4.42,2.93,4.85,4.0360000000000005,5.317,4.449,5.372999999999999,4.9110000000000005,5.118,4.955
2004,2.337952236831337,5.051,5.247000000000001,5.006,4.7860000000000005,4.534,4.362,4.114,3.5780000000000003,3.3960000000000004,2.718,2.93,3.6260000000000003,4.0360000000000005,4.42,4.449,4.85,4.9110000000000005,5.317,4.955,5.372999999999999,5.202000000000001
2004,2.3513752571634776,5.3020000000000005,4.7860000000000005,5.051,4.362,5.006,3.5780000000000003,4.534,3.3960000000000004,2.718,2.93,4.0360000000000005,3.4410000000000003,4.449,3.6260000000000003,4.9110000000000005,4.42,4.955,4.85,5.202000000000001,5.317,5.148
2004,2.340843805111136,5.247000000000001,4.362,5.3020000000000005,3.5780000000000003,5.051,3.3960000000000004,5.006,2.718,2.93,4.0360000000000005,4.449,2.77,4.9110000000000005,3.4410000000000003,4.955,3.6260000000000003,5.202000000000001,4.42,5.148,4.85,4.695
2004,2.307572634505085,4.7860000000000005,3.5780000000000003,5.247000000000001,3.3960000000000004,5.3020000000000005,2.718,5.051,2.93,4.0360000000000005,4.449,4.9110000000000005,2.986,4.955,2.77,5.202000000000001,3.4410000000000003,5.148,3.6260000000000003,4.695,4.42,4.279
2004,2.298577071596507,4.362,3.3960000000000004,4.7860000000000005,2.718,5.247000000000001,2.93,5.3020000000000005,4.0360000000000005,4.449,4.9110000000000005,4.955,4.114,5.202000000000001,2.986,5.148,2.77,4.695,3.4410000000000003,4.279,3.6260000000000003,3.51
2004,2.259677591982769,3.5780000000000003,2.718,4.362,2.93,4.7860000000000005,4.0360000000000005,5.247000000000001,4.449,4.9110000000000005,4.955,5.202000000000001,4.534,5.148,4.114,4.695,2.986,4.279,2.77,3.51,3.4410000000000003,3.332
2005,2.253394848803274,3.3960000000000004,2.93,3.5780000000000003,4.0360000000000005,4.362,4.449,4.7860000000000005,4.9110000000000005,4.955,5.202000000000001,5.148,5.006,4.695,4.534,4.279,4.114,3.51,2.986,3.332,2.77,2.844
2005,2.278292400425001,2.718,4.0360000000000005,3.3960000000000004,4.449,3.5780000000000003,4.9110000000000005,4.362,4.955,5.202000000000001,5.148,4.695,5.051,4.279,5.006,3.51,4.534,3.332,4.114,2.844,2.986,3.0660000000000003
2005,2.28949985344539,2.93,4.449,2.718,4.9110000000000005,3.3960000000000004,4.955,3.5780000000000003,5.202000000000001,5.148,4.695,4.279,5.3020000000000005,3.51,5.051,3.332,5.006,2.844,4.534,3.0660000000000003,4.114,4.224
2005,2.3243465847755584,4.0360000000000005,4.9110000000000005,2.93,4.955,2.718,5.202000000000001,3.3960000000000004,5.148,4.695,4.279,3.51,5.247000000000001,3.332,5.3020000000000005,2.844,5.051,3.0660000000000003,5.006,4.224,4.534,4.656000000000001
2005,2.3570732782781154,4.449,4.955,4.0360000000000005,5.202000000000001,2.93,5.148,2.718,4.695,4.279,3.51,3.332,4.7860000000000005,2.844,5.247000000000001,3.0660000000000003,5.3020000000000005,4.224,5.051,4.656000000000001,5.006,5.14
2005,2.378619779270043,4.9110000000000005,5.202000000000001,4.449,5.148,4.0360000000000005,4.695,2.93,4.279,3.51,3.332,2.844,4.362,3.0660000000000003,4.7860000000000005,4.224,5.247000000000001,4.656000000000001,5.3020000000000005,5.14,5.051,5.186
2005,2.3767644911682972,4.955,5.148,4.9110000000000005,4.695,4.449,4.279,4.0360000000000005,3.51,3.332,2.844,3.0660000000000003,3.5780000000000003,4.224,4.362,4.656000000000001,4.7860000000000005,5.14,5.247000000000001,5.186,5.3020000000000005,5.444
2005,2.391511302188447,5.202000000000001,4.695,4.955,4.279,4.9110000000000005,3.51,4.449,3.332,2.844,3.0660000000000003,4.224,3.3960000000000004,4.656000000000001,3.5780000000000003,5.14,4.362,5.186,4.7860000000000005,5.444,5.247000000000001,5.388
2005,2.392425796993835,5.148,4.279,5.202000000000001,3.51,4.955,3.332,4.9110000000000005,2.844,3.0660000000000003,4.224,4.656000000000001,2.718,5.14,3.3960000000000004,5.186,3.5780000000000003,5.444,4.362,5.388,4.7860000000000005,4.914
2005,2.3758355547336385,4.695,3.51,5.148,3.332,5.202000000000001,2.844,4.955,3.0660000000000003,4.224,4.656000000000001,5.14,2.93,5.186,2.718,5.444,3.3960000000000004,5.388,3.5780000000000003,4.914,4.362,4.479
2005,2.3758355547336385,4.279,3.332,4.695,2.844,5.148,3.0660000000000003,5.202000000000001,4.224,4.656000000000001,5.14,5.186,4.0360000000000005,5.444,2.93,5.388,2.718,4.914,3.3960000000000004,4.479,3.5780000000000003,3.674
2005,2.329227023940467,3.51,2.844,4.279,3.0660000000000003,4.695,4.224,5.148,4.656000000000001,5.14,5.186,5.444,4.449,5.388,4.0360000000000005,4.914,2.93,4.479,2.718,3.674,3.3960000000000004,3.487
2006,2.3561258599220753,3.332,3.0660000000000003,3.51,4.224,4.279,4.656000000000001,4.695,5.14,5.186,5.444,5.388,4.9110000000000005,4.914,4.449,4.479,4.0360000000000005,3.674,2.93,3.487,2.718,2.9819999999999998
2006,2.379546134130174,2.844,4.224,3.332,4.656000000000001,3.51,5.14,4.279,5.186,5.444,5.388,4.914,4.955,4.479,4.9110000000000005,3.674,4.449,3.487,4.0360000000000005,2.9819999999999998,2.93,3.215
2006,2.386006701133118,3.0660000000000003,4.656000000000001,2.844,5.14,3.332,5.186,3.51,5.444,5.388,4.914,4.479,5.202000000000001,3.674,4.955,3.487,4.9110000000000005,2.9819999999999998,4.449,3.215,4.0360000000000005,4.428999999999999
2006,2.4265710727750367,4.224,5.14,3.0660000000000003,5.186,2.844,5.444,3.332,5.388,4.914,4.479,3.674,5.148,3.487,5.202000000000001,2.9819999999999998,4.955,3.215,4.9110000000000005,4.428999999999999,4.449,4.881
2006,2.4518667957098,4.656000000000001,5.186,4.224,5.444,3.0660000000000003,5.388,2.844,4.914,4.479,3.674,3.487,4.695,2.9819999999999998,5.148,3.215,5.202000000000001,4.428999999999999,4.955,4.881,4.9110000000000005,5.388999999999999
2006,2.47232786758114,5.14,5.444,4.656000000000001,5.388,4.224,4.914,3.0660000000000003,4.479,3.674,3.487,2.9819999999999998,4.279,3.215,4.695,4.428999999999999,5.148,4.881,5.202000000000001,5.388999999999999,4.955,5.437
2006,2.481567748522486,5.186,5.388,5.14,4.914,4.656000000000001,4.479,4.224,3.674,3.487,2.9819999999999998,3.215,3.51,4.428999999999999,4.279,4.881,4.695,5.388999999999999,5.148,5.437,5.202000000000001,5.707999999999999
2006,2.479894107964456,5.444,4.914,5.186,4.479,5.14,3.674,4.656000000000001,3.487,2.9819999999999998,3.215,4.428999999999999,3.332,4.881,3.51,5.388999999999999,4.279,5.437,4.695,5.707999999999999,5.148,5.649
2006,2.479894107964456,5.388,4.479,5.444,3.674,5.186,3.487,5.14,2.9819999999999998,3.215,4.428999999999999,4.881,2.844,5.388999999999999,3.332,5.437,3.51,5.707999999999999,4.279,5.649,4.695,5.152
2006,2.449279472144849,4.914,3.674,5.388,3.487,5.444,2.9819999999999998,5.186,3.215,4.428999999999999,4.881,5.388999999999999,3.0660000000000003,5.437,2.844,5.707999999999999,3.332,5.649,3.51,5.152,4.279,4.696000000000001
2006,2.414126467726953,4.479,3.487,4.914,2.9819999999999998,5.388,3.215,5.444,4.428999999999999,4.881,5.388999999999999,5.437,4.224,5.707999999999999,3.0660000000000003,5.649,2.844,5.152,3.332,4.696000000000001,3.51,3.852
2006,2.3832429960115,3.674,2.9819999999999998,4.479,3.215,4.914,4.428999999999999,5.388,4.881,5.388999999999999,5.437,5.707999999999999,4.656000000000001,5.649,4.224,5.152,3.0660000000000003,4.696000000000001,2.844,3.852,3.332,3.656
2007,2.403334996094189,3.487,3.215,3.674,4.428999999999999,4.479,4.881,4.914,5.388999999999999,5.437,5.707999999999999,5.649,5.14,5.152,4.656000000000001,4.696000000000001,4.224,3.852,3.0660000000000003,3.656,2.844,3.1660000000000004
2007,2.387844936944869,2.9819999999999998,4.428999999999999,3.487,4.881,3.674,5.388999999999999,4.479,5.437,5.707999999999999,5.649,5.152,5.186,4.696000000000001,5.14,3.852,4.656000000000001,3.656,4.224,3.1660000000000004,3.0660000000000003,3.412
2007,2.422144328051685,3.215,4.881,2.9819999999999998,5.388999999999999,3.487,5.437,3.674,5.707999999999999,5.649,5.152,4.696000000000001,5.444,3.852,5.186,3.656,5.14,3.1660000000000004,4.656000000000001,3.412,4.224,4.702
2007,2.453587966530573,4.428999999999999,5.388999999999999,3.215,5.437,2.9819999999999998,5.707999999999999,3.487,5.649,5.152,4.696000000000001,3.852,5.388,3.656,5.444,3.1660000000000004,5.186,3.412,5.14,4.702,4.656000000000001,5.182
2007,2.4655539212721855,4.881,5.437,4.428999999999999,5.707999999999999,3.215,5.649,2.9819999999999998,5.152,4.696000000000001,3.852,3.656,4.914,3.1660000000000004,5.388,3.412,5.444,4.702,5.186,5.182,5.14,5.721
2007,2.492378664626701,5.388999999999999,5.707999999999999,4.881,5.649,4.428999999999999,5.152,3.215,4.696000000000001,3.852,3.656,3.1660000000000004,4.479,3.412,4.914,4.702,5.388,5.182,5.444,5.721,5.186,5.772
2007,2.4907230351094403,5.437,5.649,5.388999999999999,5.152,4.881,4.696000000000001,4.428999999999999,3.852,3.656,3.1660000000000004,3.412,3.674,4.702,4.479,5.182,4.914,5.721,5.388,5.772,5.444,6.06
2007,2.4907230351094403,5.707999999999999,5.152,5.437,4.696000000000001,5.388999999999999,3.852,4.881,3.656,3.1660000000000004,3.412,4.702,3.487,5.182,3.674,5.721,4.479,5.772,4.914,6.06,5.388,5.997000000000001
2007,2.481567748522486,5.649,4.696000000000001,5.707999999999999,3.852,5.437,3.656,5.388999999999999,3.1660000000000004,3.412,4.702,5.182,2.9819999999999998,5.721,3.487,5.772,3.674,6.06,4.479,5.997000000000001,4.914,5.468999999999999
2007,2.469793011977952,5.152,3.852,5.649,3.656,5.707999999999999,3.1660000000000004,5.437,3.412,4.702,5.182,5.721,3.215,5.772,2.9819999999999998,6.06,3.487,5.997000000000001,3.674,5.468999999999999,4.479,4.985
2007,2.4595888418037104,4.696000000000001,3.656,5.152,3.1660000000000004,5.649,3.412,5.707999999999999,4.702,5.182,5.721,5.772,4.428999999999999,6.06,3.215,5.997000000000001,2.9819999999999998,5.468999999999999,3.487,4.985,3.674,4.0889999999999995
2007,2.427454075039915,3.852,3.1660000000000004,4.696000000000001,3.412,5.152,4.702,5.649,5.182,5.721,5.772,6.06,4.881,5.997000000000001,4.428999999999999,5.468999999999999,3.215,4.985,2.9819999999999998,4.0889999999999995,3.487,3.8810000000000002
2008,2.410542234499138,3.656,3.412,3.852,4.702,4.696000000000001,5.182,5.152,5.721,5.772,6.06,5.997000000000001,5.388999999999999,5.468999999999999,4.881,4.985,4.428999999999999,4.0889999999999995,3.215,3.8810000000000002,2.9819999999999998,3.241
2008,2.412335956953165,3.1660000000000004,4.702,3.656,5.182,3.852,5.721,4.696000000000001,5.772,6.06,5.997000000000001,5.468999999999999,5.437,4.985,5.388999999999999,4.0889999999999995,4.881,3.8810000000000002,4.428999999999999,3.241,3.215,3.4930000000000003
2008,2.4379897300002487,3.412,5.182,3.1660000000000004,5.721,3.656,5.772,3.852,6.06,5.997000000000001,5.468999999999999,4.985,5.707999999999999,4.0889999999999995,5.437,3.8810000000000002,5.388999999999999,3.241,4.881,3.4930000000000003,4.428999999999999,4.813
2008,2.4790562361098245,4.702,5.721,3.412,5.772,3.1660000000000004,6.06,3.656,5.997000000000001,5.468999999999999,4.985,4.0889999999999995,5.649,3.8810000000000002,5.707999999999999,3.241,5.437,3.4930000000000003,5.388999999999999,4.813,4.881,5.305
2008,2.517696472610991,5.182,5.772,4.702,6.06,3.412,5.997000000000001,3.1660000000000004,5.468999999999999,4.985,4.0889999999999995,3.8810000000000002,5.152,3.241,5.649,3.4930000000000003,5.707999999999999,4.813,5.437,5.305,5.388999999999999,5.856
2008,2.547098670044448,5.721,6.06,5.182,5.997000000000001,4.702,5.468999999999999,3.412,4.985,4.0889999999999995,3.8810000000000002,3.241,4.696000000000001,3.4930000000000003,5.152,4.813,5.649,5.305,5.707999999999999,5.856,5.437,5.909
2008,2.570319527636131,5.772,5.997000000000001,5.721,5.468999999999999,5.182,4.985,4.702,4.0889999999999995,3.8810000000000002,3.241,3.4930000000000003,3.852,4.813,4.696000000000001,5.305,5.152,5.856,5.649,5.909,5.707999999999999,6.202999999999999
2008,2.5718485799218085,6.06,5.468999999999999,5.772,4.985,5.721,4.0889999999999995,5.182,3.8810000000000002,3.241,3.4930000000000003,4.813,3.656,5.305,3.852,5.856,4.696000000000001,5.909,5.152,6.202999999999999,5.649,6.138999999999999
2008,2.558776498354456,5.997000000000001,4.985,6.06,4.0889999999999995,5.772,3.8810000000000002,5.721,3.241,3.4930000000000003,4.813,5.305,3.1660000000000004,5.856,3.656,5.909,3.852,6.202999999999999,4.696000000000001,6.138999999999999,5.152,5.599
2008,2.550226115908643,5.468999999999999,4.0889999999999995,5.997000000000001,3.8810000000000002,6.06,3.241,5.772,3.4930000000000003,4.813,5.305,5.856,3.412,5.909,3.1660000000000004,6.202999999999999,3.656,6.138999999999999,3.852,5.599,4.696000000000001,5.103
2008,2.519308076505333,4.985,3.8810000000000002,5.468999999999999,3.241,5.997000000000001,3.4930000000000003,6.06,4.813,5.305,5.856,5.909,4.702,6.202999999999999,3.412,6.138999999999999,3.1660000000000004,5.599,3.656,5.103,3.852,4.186
2008,2.4731713935695794,4.0889999999999995,3.241,4.985,3.4930000000000003,5.468999999999999,4.813,5.997000000000001,5.305,5.856,5.909,6.202999999999999,5.182,6.138999999999999,4.702,5.599,3.412,5.103,3.1660000000000004,4.186,3.656,3.9730000000000003
2009,2.4832385926873033,3.8810000000000002,3.4930000000000003,4.0889999999999995,4.813,4.985,5.305,5.468999999999999,5.856,5.909,6.202999999999999,6.138999999999999,5.721,5.599,5.182,5.103,4.702,4.186,3.412,3.9730000000000003,3.1660000000000004,3.5060000000000002
2009,2.4997952622817508,3.241,4.813,3.8810000000000002,5.305,4.0889999999999995,5.856,4.985,5.909,6.202999999999999,6.138999999999999,5.599,5.772,5.103,5.721,4.186,5.182,3.9730000000000003,4.702,3.5060000000000002,3.412,3.779
2009,2.5079719227189963,3.4930000000000003,5.305,3.241,5.856,3.8810000000000002,5.909,4.0889999999999995,6.202999999999999,6.138999999999999,5.599,5.103,6.06,4.186,5.772,3.9730000000000003,5.721,3.5060000000000002,5.182,3.779,4.702,5.207000000000001
2009,2.5257286443082556,4.813,5.856,3.4930000000000003,5.909,3.241,6.202999999999999,3.8810000000000002,6.138999999999999,5.599,5.103,4.186,5.997000000000001,3.9730000000000003,6.06,3.5060000000000002,5.772,3.779,5.721,5.207000000000001,5.182,5.739
2009,2.5478814489493886,5.305,5.909,4.813,6.202999999999999,3.4930000000000003,6.138999999999999,3.241,5.599,5.103,4.186,3.9730000000000003,5.468999999999999,3.5060000000000002,5.997000000000001,3.779,6.06,5.207000000000001,5.772,5.739,5.721,6.335
2009,2.550226115908643,5.856,6.202999999999999,5.305,6.138999999999999,4.813,5.599,3.4930000000000003,5.103,4.186,3.9730000000000003,3.5060000000000002,4.985,3.779,5.468999999999999,5.207000000000001,5.997000000000001,5.739,6.06,6.335,5.772,6.392
2009,2.553343811341229,5.909,6.138999999999999,5.856,5.599,5.305,5.103,4.813,4.186,3.9730000000000003,3.5060000000000002,3.779,4.0889999999999995,5.207000000000001,4.985,5.739,5.468999999999999,6.335,5.997000000000001,6.392,6.06,6.711
2009,2.5603232890727545,6.202999999999999,5.599,5.909,5.103,5.856,4.186,5.305,3.9730000000000003,3.5060000000000002,3.779,5.207000000000001,3.8810000000000002,5.739,4.0889999999999995,6.335,4.985,6.392,5.468999999999999,6.711,5.997000000000001,6.641
2009,2.561867690924129,6.138999999999999,5.103,6.202999999999999,4.186,5.909,3.9730000000000003,5.856,3.5060000000000002,3.779,5.207000000000001,5.739,3.241,6.335,3.8810000000000002,6.392,4.0889999999999995,6.711,4.985,6.641,5.468999999999999,6.057
2009,2.5376572151735295,5.599,4.186,6.138999999999999,3.9730000000000003,6.202999999999999,3.5060000000000002,5.909,3.779,5.207000000000001,5.739,6.335,3.4930000000000003,6.392,3.241,6.711,3.8810000000000002,6.641,4.0889999999999995,6.057,4.985,5.52
2009,2.506341930508065,5.103,3.9730000000000003,5.599,3.5060000000000002,6.138999999999999,3.779,6.202999999999999,5.207000000000001,5.739,6.335,6.392,4.813,6.711,3.4930000000000003,6.641,3.241,6.057,3.8810000000000002,5.52,4.0889999999999995,4.5280000000000005
2009,2.4765384001174837,4.186,3.5060000000000002,5.103,3.779,5.599,5.207000000000001,6.138999999999999,5.739,6.335,6.392,6.711,5.305,6.641,4.813,6.057,3.4930000000000003,5.52,3.241,4.5280000000000005,3.8810000000000002,4.298
2010,2.4414770918606643,3.9730000000000003,3.779,4.186,5.207000000000001,5.103,5.739,5.599,6.335,6.392,6.711,6.641,5.856,6.057,5.305,5.52,4.813,4.5280000000000005,3.4930000000000003,4.298,3.241,3.835
2010,2.4756977107026903,3.5060000000000002,5.207000000000001,3.9730000000000003,5.739,4.186,6.335,5.103,6.392,6.711,6.641,6.057,5.909,5.52,5.856,4.5280000000000005,5.305,4.298,4.813,3.835,3.4930000000000003,4.1339999999999995
2010,2.494031557565001,3.779,5.739,3.5060000000000002,6.335,3.9730000000000003,6.392,4.186,6.711,6.641,6.057,5.52,6.202999999999999,4.5280000000000005,5.909,4.298,5.856,3.835,5.305,4.1339999999999995,4.813,5.696000000000001
2010,2.542389085201363,5.207000000000001,6.335,3.779,6.392,3.5060000000000002,6.711,3.9730000000000003,6.641,6.057,5.52,4.5280000000000005,6.138999999999999,4.298,6.202999999999999,3.835,5.909,4.1339999999999995,5.856,5.696000000000001,5.305,6.278
2010,2.558002204858551,5.739,6.392,5.207000000000001,6.711,3.779,6.641,3.5060000000000002,6.057,5.52,4.5280000000000005,4.298,5.599,3.835,6.138999999999999,4.1339999999999995,6.202999999999999,5.696000000000001,5.909,6.278,5.856,6.931
2010,2.558002204858551,6.335,6.711,5.739,6.641,5.207000000000001,6.057,3.779,5.52,4.5280000000000005,4.298,3.835,5.103,4.1339999999999995,5.599,5.696000000000001,6.138999999999999,6.278,6.202999999999999,6.931,5.909,6.992999999999999
2010,2.5680215564985067,6.392,6.641,6.335,6.057,5.739,5.52,5.207000000000001,4.5280000000000005,4.298,3.835,4.1339999999999995,4.186,5.696000000000001,5.103,6.278,5.599,6.931,6.138999999999999,6.992999999999999,6.202999999999999,7.341
2010,2.567254391136754,6.711,6.057,6.392,5.52,6.335,4.5280000000000005,5.739,4.298,3.835,4.1339999999999995,5.696000000000001,3.9730000000000003,6.278,4.186,6.931,5.103,6.992999999999999,5.599,7.341,6.138999999999999,7.265
2010,2.5610957881455465,6.641,5.52,6.711,4.5280000000000005,6.392,4.298,6.335,3.835,4.1339999999999995,5.696000000000001,6.278,3.5060000000000002,6.931,3.9730000000000003,6.992999999999999,4.186,7.341,5.103,7.265,5.599,6.626
2010,2.554121718809473,6.057,4.5280000000000005,6.641,4.298,6.711,3.835,6.392,4.1339999999999995,5.696000000000001,6.278,6.931,3.779,6.992999999999999,3.5060000000000002,7.341,3.9730000000000003,7.265,4.186,6.626,5.103,6.039
2010,2.5352828571130672,5.52,4.298,6.057,3.835,6.641,4.1339999999999995,6.711,5.696000000000001,6.278,6.931,6.992999999999999,5.207000000000001,7.341,3.779,7.265,3.5060000000000002,6.626,3.9730000000000003,6.039,4.186,4.954
2010,2.4898941912990393,4.5280000000000005,3.835,5.52,4.1339999999999995,6.057,5.696000000000001,6.641,6.278,6.931,6.992999999999999,7.341,5.739,7.265,5.207000000000001,6.626,3.779,6.039,3.5060000000000002,4.954,3.9730000000000003,4.702
2011,2.4740142086215764,4.298,4.1339999999999995,4.5280000000000005,5.696000000000001,5.52,6.278,6.057,6.931,6.992999999999999,7.341,7.265,6.335,6.626,5.739,6.039,5.207000000000001,4.954,3.779,4.702,3.5060000000000002,4.271
2011,2.4898941912990393,3.835,5.696000000000001,4.298,6.278,4.5280000000000005,6.931,5.52,6.992999999999999,7.341,7.265,6.626,6.392,6.039,6.335,4.954,5.739,4.702,5.207000000000001,4.271,3.779,4.604
2011,2.5273273656719524,4.1339999999999995,6.278,3.835,6.931,4.298,6.992999999999999,4.5280000000000005,7.341,7.265,6.626,6.039,6.711,4.954,6.392,4.702,6.335,4.271,5.739,4.604,5.207000000000001,6.343999999999999
2011,2.5392369943330477,5.696000000000001,6.931,4.1339999999999995,6.992999999999999,3.835,7.341,4.298,7.265,6.626,6.039,4.954,6.641,4.702,6.711,4.271,6.392,4.604,6.335,6.343999999999999,5.739,6.992000000000001
2011,2.559550192783766,6.278,6.992999999999999,5.696000000000001,7.341,4.1339999999999995,7.265,3.835,6.626,6.039,4.954,4.702,6.057,4.271,6.641,4.604,6.711,6.343999999999999,6.392,6.992000000000001,6.335,7.718
2011,2.5626389983283526,6.931,7.341,6.278,7.265,5.696000000000001,6.626,4.1339999999999995,6.039,4.954,4.702,4.271,5.52,4.604,6.057,6.343999999999999,6.641,6.992000000000001,6.711,7.718,6.392,7.787999999999999
2011,2.5718485799218085,6.992999999999999,7.265,6.931,6.626,6.278,6.039,5.696000000000001,4.954,4.702,4.271,4.604,4.5280000000000005,6.343999999999999,5.52,6.992000000000001,6.057,7.718,6.641,7.787999999999999,6.711,8.176
2011,2.5718485799218085,7.341,6.626,6.992999999999999,6.039,6.931,4.954,6.278,4.702,4.271,4.604,6.343999999999999,4.298,6.992000000000001,4.5280000000000005,7.718,5.52,7.787999999999999,6.057,8.176,6.641,8.091000000000001
2011,2.5779415157551897,7.265,6.039,7.341,4.954,6.992999999999999,4.702,6.931,4.271,4.604,6.343999999999999,6.992000000000001,3.835,7.718,4.298,7.787999999999999,4.5280000000000005,8.176,5.52,8.091000000000001,6.057,7.379
2011,2.5710843460290524,6.626,4.954,7.265,4.702,7.341,4.271,6.992999999999999,4.604,6.343999999999999,6.992000000000001,7.718,4.1339999999999995,7.787999999999999,3.835,8.176,4.298,8.091000000000001,4.5280000000000005,7.379,5.52,6.725
2011,2.5478814489493886,6.039,4.702,6.626,4.271,7.265,4.604,7.341,6.343999999999999,6.992000000000001,7.718,7.787999999999999,5.696000000000001,8.176,4.1339999999999995,8.091000000000001,3.835,7.379,4.298,6.725,4.5280000000000005,5.517
2011,2.517696472610991,4.954,4.271,6.039,4.604,6.626,6.343999999999999,7.265,6.992000000000001,7.718,7.787999999999999,8.176,6.278,8.091000000000001,5.696000000000001,7.379,4.1339999999999995,6.725,3.835,5.517,4.298,5.237
2012,2.5185025992165158,4.702,4.604,4.954,6.343999999999999,6.039,6.992000000000001,6.626,7.718,7.787999999999999,8.176,8.091000000000001,6.931,7.379,6.278,6.725,5.696000000000001,5.517,4.1339999999999995,5.237,3.835,4.953
2012,2.5265283244788197,4.271,6.343999999999999,4.702,6.992000000000001,4.954,7.718,6.039,7.787999999999999,8.176,8.091000000000001,7.379,6.992999999999999,6.725,6.931,5.517,6.278,5.237,5.696000000000001,4.953,4.1339999999999995,5.3389999999999995
2012,2.5416019934645457,4.604,6.992000000000001,4.271,7.718,4.702,7.787999999999999,4.954,8.176,8.091000000000001,7.379,6.725,7.341,5.517,6.992999999999999,5.237,6.931,4.953,6.278,5.3389999999999995,5.696000000000001,7.356
2012,2.558776498354456,6.343999999999999,7.718,4.604,7.787999999999999,4.271,8.176,4.702,8.091000000000001,7.379,6.725,5.517,7.265,5.237,7.341,4.953,6.992999999999999,5.3389999999999995,6.931,7.356,6.278,8.107999999999999
2012,2.5572273113676265,6.992000000000001,7.787999999999999,6.343999999999999,8.176,4.604,8.091000000000001,4.271,7.379,6.725,5.517,5.237,6.626,4.953,7.265,5.3389999999999995,7.341,7.356,6.992999999999999,8.107999999999999,6.931,8.95
2012,2.5718485799218085,7.718,8.176,6.992000000000001,8.091000000000001,6.343999999999999,7.379,4.604,6.725,5.517,5.237,4.953,6.039,5.3389999999999995,6.626,7.356,7.265,8.107999999999999,7.341,8.95,6.992999999999999,9.031
2012,2.5649493574615367,7.787999999999999,8.091000000000001,7.718,7.379,6.992000000000001,6.725,6.343999999999999,5.517,5.237,4.953,5.3389999999999995,4.954,7.356,6.039,8.107999999999999,6.626,8.95,7.265,9.031,7.341,9.481
2012,2.5779415157551897,8.176,7.379,7.787999999999999,6.725,7.718,5.517,6.992000000000001,5.237,4.953,5.3389999999999995,7.356,4.702,8.107999999999999,4.954,8.95,6.039,9.031,6.626,9.481,7.265,9.382
2012,2.5877640352277083,8.091000000000001,6.725,8.176,5.517,7.787999999999999,5.237,7.718,4.953,5.3389999999999995,7.356,8.107999999999999,4.271,8.95,4.702,9.031,4.954,9.481,6.039,9.382,6.626,8.557
2012,2.567254391136754,7.379,5.517,8.091000000000001,5.237,8.176,4.953,7.787999999999999,5.3389999999999995,7.356,8.107999999999999,8.95,4.604,9.031,4.271,9.481,4.702,9.382,4.954,8.557,6.039,7.7989999999999995
2012,2.545531271604435,6.725,5.237,7.379,4.953,8.091000000000001,5.3389999999999995,8.176,7.356,8.107999999999999,8.95,9.031,6.343999999999999,9.481,4.604,9.382,4.271,8.557,4.702,7.7989999999999995,4.954,6.397
2012,2.5352828571130672,5.517,4.953,6.725,5.3389999999999995,7.379,7.356,8.091000000000001,8.107999999999999,8.95,9.031,9.481,6.992000000000001,9.382,6.343999999999999,8.557,4.604,7.7989999999999995,4.271,6.397,4.702,6.0729999999999995
2013,2.522523513359307,5.237,5.3389999999999995,5.517,7.356,6.725,8.107999999999999,7.379,8.95,9.031,9.481,9.382,7.718,8.557,6.992000000000001,7.7989999999999995,6.343999999999999,6.397,4.604,6.0729999999999995,4.271,5.936
2013,2.5360749363624,4.953,7.356,5.237,8.107999999999999,5.517,8.95,6.725,9.031,9.481,9.382,8.557,7.787999999999999,7.7989999999999995,7.718,6.397,6.992000000000001,6.0729999999999995,6.343999999999999,5.936,4.604,6.29
2013,2.534490149976828,5.3389999999999995,8.107999999999999,4.953,8.95,5.237,9.031,5.517,9.481,9.382,8.557,7.7989999999999995,8.176,6.397,7.787999999999999,6.0729999999999995,7.718,5.936,6.992000000000001,6.29,6.343999999999999,8.633
2013,2.559550192783766,7.356,8.95,5.3389999999999995,9.031,4.953,9.481,5.237,9.382,8.557,7.7989999999999995,6.397,8.091000000000001,6.0729999999999995,8.176,5.936,7.787999999999999,6.29,7.718,8.633,6.992000000000001,9.443999999999999
2013,2.5952547069568657,8.107999999999999,9.031,7.356,9.481,5.3389999999999995,9.382,4.953,8.557,7.7989999999999995,6.397,6.0729999999999995,7.379,5.936,8.091000000000001,6.29,8.176,8.633,7.787999999999999,9.443999999999999,7.718,10.468
2013,2.605648267484129,8.95,9.481,8.107999999999999,9.382,7.356,8.557,5.3389999999999995,7.7989999999999995,6.397,6.0729999999999995,5.936,6.725,6.29,7.379,8.633,8.091000000000001,9.443999999999999,8.176,10.468,7.787999999999999,10.61
2013,2.613739521630969,9.031,9.382,8.95,8.557,8.107999999999999,7.7989999999999995,7.356,6.397,6.0729999999999995,5.936,6.29,5.517,8.633,6.725,9.443999999999999,7.379,10.468,8.091000000000001,10.61,8.176,11.105
2013,2.604909442182697,9.481,8.557,9.031,7.7989999999999995,8.95,6.397,8.107999999999999,6.0729999999999995,5.936,6.29,8.633,5.237,9.443999999999999,5.517,10.468,6.725,10.61,7.379,11.105,8.091000000000001,11.058
2013,2.6034301519721073,9.382,7.7989999999999995,9.481,6.397,9.031,6.0729999999999995,8.95,5.936,6.29,8.633,9.443999999999999,4.953,10.468,5.237,10.61,5.517,11.105,6.725,11.058,7.379,10.251
2013,2.5922651681085,8.557,6.397,9.382,6.0729999999999995,9.481,5.936,9.031,6.29,8.633,9.443999999999999,10.468,5.3389999999999995,10.61,4.953,11.105,5.237,11.058,5.517,10.251,6.725,9.551
2013,2.5726122302071057,7.7989999999999995,6.0729999999999995,8.557,5.936,9.382,6.29,9.481,8.633,9.443999999999999,10.468,10.61,7.356,11.105,5.3389999999999995,11.058,4.953,10.251,5.237,9.551,5.517,7.907
2013,2.543175557911976,6.397,5.936,7.7989999999999995,6.29,8.557,8.633,9.382,9.443999999999999,10.468,10.61,11.105,8.107999999999999,11.058,7.356,10.251,5.3389999999999995,9.551,4.953,7.907,5.237,7.671
2014,2.5376572151735295,6.0729999999999995,6.29,6.397,8.633,7.7989999999999995,9.443999999999999,8.557,10.468,10.61,11.105,11.058,8.95,10.251,8.107999999999999,9.551,7.356,7.907,5.3389999999999995,7.671,4.953,6.439
2014,2.5603232890727545,5.936,8.633,6.0729999999999995,9.443999999999999,6.397,10.468,7.7989999999999995,10.61,11.105,11.058,10.251,9.031,9.551,8.95,7.907,8.107999999999999,7.671,7.356,6.439,5.3389999999999995,7.068
2014,2.583997552432231,6.29,9.443999999999999,5.936,10.468,6.0729999999999995,10.61,6.397,11.105,11.058,10.251,9.551,9.481,7.907,9.031,7.671,8.95,6.439,8.107999999999999,7.068,7.356,9.96
2014,2.58851563240702,8.633,10.468,6.29,10.61,5.936,11.105,6.0729999999999995,11.058,10.251,9.551,7.907,9.382,7.671,9.481,6.439,9.031,7.068,8.95,9.96,8.107999999999999,11.219000000000001
2014,2.6282852326333477,9.443999999999999,10.61,8.633,11.105,6.29,11.058,5.936,10.251,9.551,7.907,7.671,8.557,6.439,9.382,7.068,9.481,9.96,9.031,11.219000000000001,8.95,12.412
2014,2.63834278867739,10.468,11.105,9.443999999999999,11.058,8.633,10.251,6.29,9.551,7.907,7.671,6.439,7.7989999999999995,7.068,8.557,9.96,9.382,11.219000000000001,9.481,12.412,9.031,12.632
2014,2.645465325910589,10.61,11.058,10.468,10.251,9.443999999999999,9.551,8.633,7.907,7.671,6.439,7.068,6.397,9.96,7.7989999999999995,11.219000000000001,8.557,12.412,9.382,12.632,9.481,13.42
2014,2.641910398597665,11.105,10.251,10.61,9.551,10.468,7.907,9.443999999999999,7.671,6.439,7.068,9.96,6.0729999999999995,11.219000000000001,6.397,12.412,7.7989999999999995,12.632,8.557,13.42,9.382,13.384
2014,2.6354795082673745,11.058,9.551,11.105,7.907,10.61,7.671,10.468,6.439,7.068,9.96,11.219000000000001,5.936,12.412,6.0729999999999995,12.632,6.397,13.42,7.7989999999999995,13.384,8.557,12.161
2014,2.6100697927420065,10.251,7.907,11.058,7.671,11.105,6.439,10.61,7.068,9.96,11.219000000000001,12.412,6.29,12.632,5.936,13.42,6.0729999999999995,13.384,6.397,12.161,7.7989999999999995,11.008
2014,2.601207105484161,9.551,7.671,10.251,6.439,11.058,7.068,11.105,9.96,11.219000000000001,12.412,12.632,8.633,13.42,6.29,13.384,5.936,12.161,6.0729999999999995,11.008,6.397,9.103
2014,2.5779415157551897,7.907,6.439,9.551,7.068,10.251,9.96,11.058,11.219000000000001,12.412,12.632,13.42,9.443999999999999,13.384,8.633,12.161,6.29,11.008,5.936,9.103,6.0729999999999995,8.4
2015,2.5726122302071057,7.671,7.068,7.907,9.96,9.551,11.219000000000001,10.251,12.412,12.632,13.42,13.384,10.468,12.161,9.443999999999999,11.008,8.633,9.103,6.29,8.4,5.936,8.036
2015,2.587011872725154,6.439,9.96,7.671,11.219000000000001,7.907,12.412,9.551,12.632,13.42,13.384,12.161,10.61,11.008,10.468,9.103,9.443999999999999,8.4,8.633,8.036,6.29,9.521
2015,2.5900171341906173,7.068,11.219000000000001,6.439,12.412,7.671,12.632,7.907,13.42,13.384,12.161,11.008,11.105,9.103,10.61,8.4,10.468,8.036,9.443999999999999,9.521,8.633,12.742
2015,2.611539300721366,9.96,12.412,7.068,12.632,6.439,13.42,7.671,13.384,12.161,11.008,9.103,11.058,8.4,11.105,8.036,10.61,9.521,10.468,12.742,9.443999999999999,14.404000000000002
2015,2.6340447877917144,11.219000000000001,12.632,9.96,13.42,7.068,13.384,6.439,12.161,11.008,9.103,8.4,10.251,8.036,11.058,9.521,11.105,12.742,10.61,14.404000000000002,10.468,15.97
2015,2.6333266549062735,12.412,13.42,11.219000000000001,13.384,9.96,12.161,7.068,11.008,9.103,8.4,8.036,9.551,9.521,10.251,12.742,11.058,14.404000000000002,11.105,15.97,10.61,16.512999999999998
2015,2.6347624053323777,12.632,13.384,12.412,12.161,11.219000000000001,11.008,9.96,9.103,8.4,8.036,9.521,7.907,12.742,9.551,14.404000000000002,10.251,15.97,11.058,16.512999999999998,11.105,17.191
2015,2.6326080059353516,13.42,12.161,12.632,11.008,12.412,9.103,11.219000000000001,8.4,8.036,9.521,12.742,7.671,14.404000000000002,7.907,15.97,9.551,16.512999999999998,10.251,17.191,11.058,16.687
2015,2.6411978941143697,13.384,11.008,13.42,9.103,12.632,8.4,12.412,8.036,9.521,12.742,14.404000000000002,6.439,15.97,7.671,16.512999999999998,7.907,17.191,9.551,16.687,10.251,14.864
2015,2.6188546222977394,12.161,9.103,13.384,8.4,13.42,8.036,12.632,9.521,12.742,14.404000000000002,15.97,7.068,16.512999999999998,6.439,17.191,7.671,16.687,7.907,14.864,9.551,13.290999999999999
2015,2.6181254935742233,11.008,8.4,12.161,8.036,13.384,9.521,13.42,12.742,14.404000000000002,15.97,16.512999999999998,9.96,17.191,7.068,16.687,6.439,14.864,7.671,13.290999999999999,7.907,10.850999999999999
2015,2.589266665112243,9.103,8.036,11.008,9.521,12.161,12.742,13.384,14.404000000000002,15.97,16.512999999999998,17.191,11.219000000000001,16.687,9.96,14.864,7.068,13.290999999999999,6.439,10.850999999999999,7.671,9.879
2016,2.5641798306825083,8.4,9.521,9.103,12.742,11.008,14.404000000000002,12.161,15.97,16.512999999999998,17.191,16.687,12.412,14.864,11.219000000000001,13.290999999999999,9.96,10.850999999999999,7.068,9.879,6.439,9.655
2016,2.5756610130564646,8.036,12.742,8.4,14.404000000000002,9.103,15.97,11.008,16.512999999999998,17.191,16.687,14.864,12.632,13.290999999999999,12.412,10.850999999999999,11.219000000000001,9.879,9.96,9.655,7.068,10.808
2016,2.6071242825122494,9.521,14.404000000000002,8.036,15.97,8.4,16.512999999999998,9.103,17.191,16.687,14.864,13.290999999999999,13.42,10.850999999999999,12.632,9.879,12.412,9.655,11.219000000000001,10.808,9.96,15.735
2016,2.5974910105351463,12.742,15.97,9.521,16.512999999999998,8.036,17.191,8.4,16.687,14.864,13.290999999999999,10.850999999999999,13.384,9.879,13.42,9.655,12.632,10.808,12.412,15.735,11.219000000000001,17.576
2016,2.6239436918052106,14.404000000000002,16.512999999999998,12.742,17.191,9.521,16.687,8.036,14.864,13.290999999999999,10.850999999999999,9.879,12.161,9.655,13.384,10.808,13.42,15.735,12.632,17.576,12.412,19.382
2016,2.6195832197798796,15.97,17.191,14.404000000000002,16.687,12.742,14.864,9.521,13.290999999999999,10.850999999999999,9.879,9.655,11.008,10.808,12.161,15.735,13.384,17.576,13.42,19.382,12.632,20.033
2016,2.615934912194404,16.512999999999998,16.687,15.97,14.864,14.404000000000002,13.290999999999999,12.742,10.850999999999999,9.879,9.655,10.808,9.103,15.735,11.008,17.576,12.161,19.382,13.384,20.033,13.42,20.48
2016,2.6304489550786583,17.191,14.864,16.512999999999998,13.290999999999999,15.97,10.850999999999999,14.404000000000002,9.879,9.655,10.808,15.735,8.4,17.576,9.103,19.382,11.008,20.033,12.161,20.48,13.384,19.827
2016,2.6297282343267403,16.687,13.290999999999999,17.191,10.850999999999999,16.512999999999998,9.879,15.97,9.655,10.808,15.735,17.576,8.036,19.382,8.4,20.033,9.103,20.48,11.008,19.827,12.161,17.733
2016,2.599722324216582,14.864,10.850999999999999,16.687,9.879,17.191,9.655,16.512999999999998,10.808,15.735,17.576,19.382,9.521,20.033,8.036,20.48,8.4,19.827,9.103,17.733,11.008,15.853
2016,2.6210388241125804,13.290999999999999,9.879,14.864,9.655,16.687,10.808,17.191,15.735,17.576,19.382,20.033,12.742,20.48,9.521,19.827,8.036,17.733,8.4,15.853,9.103,12.413
2016,2.5824869781268642,10.850999999999999,9.655,13.290999999999999,10.808,14.864,15.735,16.687,17.576,19.382,20.033,20.48,14.404000000000002,19.827,12.742,17.733,9.521,15.853,8.036,12.413,8.4,11.547
2017,2.580974118534234,9.879,10.808,10.850999999999999,15.735,13.290999999999999,17.576,14.864,19.382,20.033,20.48,19.827,15.97,17.733,14.404000000000002,15.853,12.742,12.413,9.521,11.547,8.036,12.015999999999998
2017,2.6232182655855123,9.655,15.735,9.879,17.576,10.850999999999999,19.382,13.290999999999999,20.033,20.48,19.827,17.733,16.512999999999998,15.853,15.97,12.413,14.404000000000002,11.547,12.742,12.015999999999998,9.521,12.909
2017,2.6311691567662523,10.808,17.576,9.655,19.382,9.879,20.033,10.850999999999999,20.48,19.827,17.733,15.853,17.191,12.413,16.512999999999998,11.547,15.97,12.015999999999998,14.404000000000002,12.909,12.742,18.047
